Review_ID,Title,Type,Author_ID (meerdere = / tussen Author_ID's),Reviewer,Journal,Database ,Year,Filename/URL,
2,"Marie Gijsen, Hooger op",review,2,H.E.H van Loon,De Gids. Jaargang 83,DBNL,1919,Gijsen_1.txt,
3,Hooger-op door Marie Gijsen,review,2,Frans Coenen,Groot Nederland. Jaargang 17,DBNL,1919,Gijsen_2.txt,
4,"Hooger op, door Marie Gijsen",review,2,Marie Schmitz,Den Gulden Winckel. Jaargang 18,DBNL,1919,Gijsen_3.txt,
5,Hooger op door Marie Gijsen,review,2,Jeanne Reyneke van Stuwe,De Nieuwe Gids. Jaargang 35,DBNL,1920,Gijsen_4.txt,
6,"Een uit velen, door Marie Gijsen",review,2,Marie Schmitz,Den Gulden Winckel. Jaargang 20,DBNL,1921,Gijsen_5.txt,
7,"Een uit Velen, door Marie Gijsen",review,2,Frans Coenen,Groot Nederland. Jaargang 19,DBNL,1921,Gijsen_6.txt,
8,"Een uit velen, door Marie Gijsen",review,2,Johan de Meester,De Gids. Jaargang 85,DBNL,1921,Gijsen_7.txt,
9,Eene Brabantsche novelliste.,review,2,Frans Erens,De Gids. Jaargang 85,DBNL,1921,Gijsen_8.txt,
10,Een Brabantsche Shrijfster,review,2,J. B.,Nieuwe Tilburgsche Courant,Delpher,1917,Gijsen_9.txt,
11,Boekbeoordeelingen,review,2,F. Hendrichs S. J.,De Tijd: godsdienstig-staatkundig dagblad,Delpher,1917,Gijsen_10.txt,
12,"""Brord en Hanne,"" door Marie Gijsen",review,2,P. v. L. S.J.,De Tijd: godsdienstig-staatkundig dagblad,Delpher,1917,Gijsen_11.txt,
13,Uit 't hart van Brabant,review,2,Johan Bechtold,Nieuwe Tilburgsche Courant,Delpher,1917,Gijsen_12.txt,
14,Uit 't hart van Brabant,review,2,Johan Bechtold,Nieuwe Tilburgsche Courant,Delpher,1917,Gijsen_13.txt,
15,Boekenschouw,review,2,,Amigoe di Curacao: weekblad voor Curacaosche eilanden,Delpher,1913,Gijsen_14.txt,
16,Brabantsche Schetse,review,2,,Het vaderland,Delpher,1913,Gijsen_15.txt,
17,Boekbeoordeelingen,review,2,F. Hendrichs S. J.,De Tijd: godsdienstig-staatkundig dagblad,Delpher,1918,Gijsen_16.txt,
18,Boeken,review,2,,De Amsterdammer: dagblad voor Nederland,Delpher,1896,Gijsen_17.txt,
19,Boekbeoordeling.,review,2,F. Hendrichs S. J.,De Tijd: godsdienstig-staatkundig dagblad,Delpher,1913,Gijsen_18.txt,
20,Letteren. ,review,2,Albt. de la Court.,De locomotief,Delpher,1919,Gijsen_19.txt,
21,"""Hooger op"", Marie Gijsen",review,2,,Middelburgsche courant,Delpher,1918,Gijsen_20.txt,
22,Van eigen en vreemde letteren,review,2,Mathias Kemp,De Maasbode,Delpher,1918,Gijsen_21.txt,
23,Uit het hart van Brabant door Marie Gijsen,review,2,,De Maasbode,Delpher,1913,Gijsen_22.txt,
24,Letterkundig Kroniek.,review,2,Is. Querido,Algemeen Handelsblad,Delpher,1913,Gijsen_23.txt,
25,Van mijn Boekentafel,review,2,K.,Het huisgezin,Delpher,1918,Gijsen_24.txt,
26,,review,2,,Het vaderland,Delpher,1897,Gijsen_25.txt,
27,"Boekbespreking: Marie Gijsen: ""Hoogerop"" ",review,2,Maria Viola,Van Onzen Tijd. jrg 18,Delpher,1917,Gijsen_26.txt,
28,"Boekbespreking: ""Brord en Hanne"" door Marie Gijsen",review,2,Maria Viola,Van Onzen Tijd. jrg 16,Delpher,1916,Gijsen_27.txt,
29,Boekbespreking: Marie Gijsen: Uit Het Hart van Brabant,review,2,Maria Viola,Van Onzen Tijd. jrg 14,Delpher,1914,Gijsen_28.txt,
30,Natuurpoëzie,review,98,,Elsevier's Geïllustreerd Maandschrift. Jaargang 11,DBNL,1901,Kok_1.txt,
31,Drie boeken over Indië.,review,26,Conrad Th. van Deventer,De Gids,DBNL,1900,DeWit_1.txt,
32,"Verborgen bronnen, door Augusta de Wit, bij P.W. van Kampen en zoon, Amsterdam.",review,26,Hendrik de Marez,Dietsche Warande en Belfort,DBNL,1900,DeWit_2.txt,
33,Van de redactie.,editorial,26,F.L.,Elsevier's Geïllustreerd Maandschrift. Jaargang 14,DBNL,1904,DeWit_3.txt,
34,Hoofdartikel Augusta de Wit.,review,26,Frans Netscher,De Hollandsche Lelie. Jaargang 18,DBNL,1904,DeWit_4.txt,
35,Oorspronkelijke romans.,review,26,,De Tijdspiegel. Jaargang 65,DBNL,1908,DeWit_5.txt,
36,‘Nederlandsche romancières van onzen tijd.’,review,26,M.H. van Campen,De Gids. Jaargang 79,DBNL,1915,DeWit_6.txt,
37,De lelie van 's Gravenhage. Een verhaal door J.J. Cremer,review,1,E.T.,De Tijdspiegel. Jaargang 8.,DBNL,1851,Cremer_1.txt,
38,"Betuwsche novellen, door J.J. Cremer",review,1,J.K. [Kneppelhout],Dietsche Warande,DBNL,1856,Cremer_2.txt,
39,Een Reisgezelschap. Novellen van J.J. Cremer,review,1,D-D,Vaderlandsche Letteroefeningen,DBNL,1859,Cremer_3.txt,
40,"Sinte-Klaas, Oud-en Nieuwjaar. Vier vertellingen van J.J. Cremer.",review,1,W. des Ch.,Vaderlandsche Letteroefeningen,DBNL,1860,Cremer_4.txt,
41,"Sinte-Klaas, Oud-en Nieuwjaar. Vier vertellingen van J.J. Cremer.",review,1,W.D.-s,De Gids. Jaargang 26,DBNL,1862,Cremer_5.txt,
42,"Cremer's Roman. Anna Rooze, door J.J. Cremer.",review,1,P. Bruijn,De Tijdspiegel. Jaargang 25.,DBNL,1868,Cremer_6.txt,
43,Anna Rooze door J.J. Cremer,review,1,Alexius van Staden,Nederland. Jaargang 1.,DBNL,1768,Cremer_7.txt,
44,"Van Huis, Anna Rooze, Lidewyde",review,1,Simon Gorter,De Gids. Jaargang 33.,DBNL,1869,Cremer_8.txt,
45,"J.J. Cremer, De oorlog een noodzakelijk kwaad?",review,1,Noorman [T.C. van der Kulk],De Tijdspiegel. Jaargang 28.,DBNL,1871,Cremer_9.txt,
46,De oorlog een noodzakelijk kwaad? Schetsen door J.J. Cremer,review,1,v.O [H.M.C. van Oosterzee],Vaderlandsche Letteroefeningen,DBNL,1871,Cremer_10.txt,
47,J.J. Cremer. De oorlog een noodzakelijk kwaad?,review,1,J.H.C. Heijse,De Gids. Jaargang 35.,DBNL,1871,Cremer_11.txt,
48,"Mijn vriend Pik. Oorspronkelijke novelle, door Henri. [...] Hanna de Freule, door J.J. Cremer.",review,1,J.A.S. [Jerome Alexandre Sillem],De Gids. Jaargang 37.,DBNL,1873,Cremer_12.txt,
49,Gedichtjes van J.J. Cremer,review,1,J.A. Tours,Vaderlandsche Letteroefeningen,DBNL,1875,Cremer_13.txt,
50,"Jacob Jan Cremer, 1 September 1827-5 Juni 1880",obituary,1,Jan ten Brink,De vlaamse kunstbode. Jaargang 10.,DBNL,1880,Cremer_14.txt,
51,Jacob Jan Cremer. Een woord van herinnering.,obituary,1,Gerard Keller,De Gids. Jaargang 45.,DBNL,1881,Cremer_15.txt,
52,"Jacob Jan Cremer, 1 September 1827-5 Juni 1880",obituary,1,Jan ten Brink,De vlaamse kunstbode. Jaargang 17.,DBNL,1887,Cremer_16.txt,
53,Toegezonden Boeken,review,98,,Haagsche Courant,Delpher,1904,https://www.delpher.nl/nl/kranten/view?query=truida+kok&coll=ddd&page=3&facets%5Bperiode%5D%5B%5D=1%7C20e_eeuw%7C1900-1909%7C&maxperpage=50&identifier=MMKB04:000127287:mpeg21:a0089&resultsidentifier=MMKB04:000127287:mpeg21:a0089,
54,Toegezonden Boeken,review,98,,Haagsche Courant,Delpher,1907,https://www.delpher.nl/nl/kranten/view?query=truida+kok&coll=ddd&page=3&facets%5Bperiode%5D%5B%5D=1%7C20e_eeuw%7C1900-1909%7C&maxperpage=50&identifier=MMKB04:000132710:mpeg21:a0079&resultsidentifier=MMKB04:000132710:mpeg21:a0079,
55,Maandelijksche praatjes.,review,97,Frederik Christiaan de Brieder,De Gids,DBNL,1875,https://www.dbnl.org/tekst/_gid001187501_01/_gid001187501_01_0059.php,
56,Bibliografisch Album,review,97,Pieter Rutger Feith,De Gids. Jaargang 46,DBNL,1882,https://www.dbnl.org/tekst/_gid001188201_01/_gid001188201_01_0024.php,
57,Letterkundig Kroniek,review,97,,De Gids. Jaargang 51,DBNL,1887,https://www.dbnl.org/tekst/_gid001188701_01/_gid001188701_01_0036.php,
58,Boekennieuws en kronijk,review,97,W.L. de Vreese,Het Belfort. Jaargang 11,DBNL,1896,https://www.dbnl.org/tekst/_bel002189601_01/_bel002189601_01_0081.php,
59,Felix Timmermans en Frans Thiry. Bagijnhof-sproken. Keurboekjes der Maatsch. v. Goede en Goedk. Lectuur. Amsterdam.,review,18,Carel Scharten,De Gids. Jaargang 76,DBNL,1912,https://www.dbnl.org/tekst/_gid001191201_01/_gid001191201_01_0062.php,
60,"Pallieter, door Felix Timmermans. - (Amsterdam, P.N. van Kampen & Zoon. 1916).",review,18,JAN J. ZELDENTHUIS,Den Gulden Winckel. Jaargang 15,DBNL,1916,https://www.dbnl.org/tekst/_gul001191601_01/_gul001191601_01_0051.php,
61,"Het Kindeken Jezus in Vlaanderen, door Felix Timmermans. - (Amsterdam, P.N. van Kampen en Zoon. [1917]).",review,18,Ph Ritter,Den Gulden Winckel. Jaargang 16,DBNL,1917,https://www.dbnl.org/tekst/_gul001191701_01/_gul001191701_01_0068.php,
62,Idee en Leven,review,18,Gerard van Eckeren,Den Gulden Winckel. Jaargang 18,DBNL,1919,https://www.dbnl.org/tekst/_gul001191901_01/_gul001191901_01_0074.php,
63,‘Conscience's Eeuwdag’,essay,41,Emmanuel de Bom,In: Vlaamsche Arbeid. Jaargang 8,DBNL,1913,https://www.dbnl.org/tekst/_vla011191301_01/_vla011191301_01_0002.php,
64,"‘[Nummer 11]’, ‘Conscience, de verteller van de Kempen’",essay,41,Jozef Simons,Dietsche Warande en Belfort. Jaargang 1912,DBNL,1912,https://www.dbnl.org/tekst/_die004191201_01/_die004191201_01_0090.php,
65,A.C.W. Staring,review,114,C.G. Stapert,Noord en Zuid. Jaargang 8,DBNL,1885,https://www.dbnl.org/tekst/_noo001188501_01/_noo001188501_01_0081.php,
66,Staring's kunst. (Eene inleiding tot de studie zijner poëzie).,introduction,114,J.H. van den Bosch,Taal en Letteren. Jaargang 1,DBNL,1891,https://www.dbnl.org/tekst/_taa006189101_01/_taa006189101_01_0003.php,
67,Staring's epische poëzie en zijn Marco.,essay,114,J.H. van den Bosch,Taal en Letteren. Jaargang 1,DBNL,1891,https://www.dbnl.org/auteurs/auteur.php?id=star003,
68,‘Conscience in de Kempen’,essay,41,Emiel van der Straeten,Vlaamsche Arbeid. Jaargang 7,DBNL,1912,https://www.dbnl.org/tekst/_vla011191201_01/_vla011191201_01_0047.php,
69,‘Hendrik Conscience door André de Ridder.’,essay,41,André de Ridder,De Nieuwe Gids. Jaargang 27,DBNL,1912,https://www.dbnl.org/tekst/_nie002191201_01/_nie002191201_01_0097.php,
70,"Kleine Liedjes, door Joseph Cohen. Uitg. Erven Martin G. Cohen, Amsterdam.'",review,132,H. van Loon,Den Gulden Winckel. Jaargang 8.,DBNL,1909,https://www.dbnl.org/tekst/_gul001190901_01/_gul001190901_01_0090.php,
71,"Josef Cohen, Kleine liedjes. Amsterdam, Erven Martin G. Cohen, (1909.).",review,132,Walch.,Groot Nederland. Jaargang 8.,DBNL,1910,https://www.dbnl.org/tekst/_gro002191001_01/_gro002191001_01_0063.php,
72,"Josef Cohen, Ver van de Menschen, Amst., Van Holkema & Warendorf, 1911.",review,132,H.R. [Herman Robbers],Elseviers Geïllustreerd Maandschrift. Jaargang 21,DBNL,1911,https://www.dbnl.org/tekst/_els001191101_01/_els001191101_01_0106.php,
73,"Ver van de menschen door Jozef Cohen. Uitgever van Holkema en Warendorf, Amsterdam",review,132,Anna de Savornin Lohman,De Hollandsche Lelie. Jaargang 25,DBNL,1911,https://www.dbnl.org/tekst/_hol003191101_01/_hol003191101_01_0120.php,
74,"Kitty Optenberg door Jozef Cohen. Uitgever Van Holkema en Warendorf, Amsterdam (1912.)",review,132,Anna de Savornin Lohman,De Hollandsche Lelie. Jaargang 26,DBNL,1912,https://www.dbnl.org/tekst/_hol003191201_01/_hol003191201_01_0289.php,
75,"Ver van de menschen, door Josef Cohen. Uitg. v. Holkema & Warendorf, A'dam 1911.",review,132,Arnold Aletrino,De Nieuwe Gids. Jaargang 27.,DBNL,1912,https://www.dbnl.org/tekst/_nie002191201_01/_nie002191201_01_0095.php,
76,"Josef Cohen. Kitty Optenberg. Amsterdam. Van Holkema en Warendorf, 1912.",review,132,H.S.,Onze Eeuw. Jaargang 12.,DBNL,1912,https://www.dbnl.org/tekst/_onz001191201_01/_onz001191201_01_0100.php,
77,Idee en Leven. Kantteekeningen bij de Literatuur van den dag.,review,132,Gerard van Eckeren,Den Gulden Winckel. Jaargang 11.,DBNL,1912,https://www.dbnl.org/tekst/_gul001191201_01/_gul001191201_01_0057.php,
78,"Het Vervloekte Geslacht, door Jozef Cohen. - (Amsterdam, van Holkema en Warendorf).",review,132,H. van Loon,Den Gulden Winckel. Jaargang 13,DBNL,1914,https://www.dbnl.org/tekst/_gul001191401_01/_gul001191401_01_0043.php,
79,"Ons mooi en nijver Nederland, door Jozef Cohen, letterkundige, en Wytze Keuning, onderwijzer; buitentekstplaten van Ant. van der Valk; bij J.B. Wolters' U.M., Groningen, den Haag, 1917; vier deeltjes, geïllustreerd.",review,132,D. van Blom,De Gids. Jaargang 82.,DBNL,1918,https://www.dbnl.org/tekst/_gid001191801_01/_gid001191801_01_0037.php,
80,"Josef Cohen en Wijtze Keuning. Ons mooi en nijver Nederland. Vier deeltjes. Groningen - Den Haag. J.B. Wolters, 1917.",review,132,H.S.,Onze Eeuw. Jaargang 18,DBNL,1918,https://www.dbnl.org/tekst/_onz001191801_01/_onz001191801_01_0034.php,
81,Nieuwe Bundels Preken,review,65,Jan van Gilse,De Gids. Jaargang 16,DBNL,1848,https://www.dbnl.org/tekst/_gid001185201_01/_gid001185201_01_0017.php,
82,"Snippers van de Schrijftafel, door C.E. van Koetsveld. Schoonhoven, S.E. van Nooten. 1852. XXIV en 142 Blz. I.",review,65,,De Gids. Jaargang 17,DBNL,1853,https://www.dbnl.org/tekst/_gid001185301_01/_gid001185301_01_0011.php,
83,"Het Licht op den Kandelaar. Een woord van ernst en vrede, uitgesproken door C.E. van Koetsveld, 's Gravenhage 17 April 1853. Te Schoonhoven, bij S.E. van Nooten. 1853. In gr. 8vo. f :-30. Rome's Overwinnaar. Toespraak en gebed, gehouden te Rotterdam in de Zondagsavond-Godsdienst-oefening van 10 April 1853, door J.J. van Oosterzee. 12e 1000. Te Rotterdam, bij van der Meer en Verbruggen. 1853. In gr. 8vo. f :-25. Waakt en werkt. Opwekkings-Rede om als Protestanten waakzaam en werkzaam te zijn. Naar Openb. III:11b. Door P. de Grient Dreux, Predikant te Witmarsum. Te Franeker, bij C. Ippius Fockens. In gr. 8vo. f :-25. Tweetal Leerredenen, naar aanleiding van de Pauselijke Allocutie op den 7den Maart 1853. Door M.A. Jentink, Predikant te Harlingen. Te Franeker, bij denzelfden. In gr. 8vo. f :-60.",review,65,A. P.,Vaderlandsche letteroefeningen. Jaargang 1854,DBNL,1854,https://www.dbnl.org/tekst/_vad003185401_01/_vad003185401_01_0043.php,
84,Boekbeschouwing.,review,65,,Vaderlandsche letteroefeningen. Jaargang 1854,DBNL,1854,https://www.dbnl.org/tekst/_vad003185401_01/_vad003185401_01_0258.php,
85,Boekbeschouwing.,review,65,,Vaderlandsche letteroefeningen. Jaargang 1858,DBNL,1858,https://www.dbnl.org/tekst/_vad003185801_01/_vad003185801_01_0170.php,
86,Letterkunde.,review,65,Cd. Busken Huet,De Gids,DBNL,1864,https://www.dbnl.org/tekst/_gid001186401_01/_gid001186401_01_0037.php,
87,C.E. van Koetsveld. 1807-1893.,obituary,65,A.J. Oostdam,Het Belfort. Jaargang 8,DBNL,1893,https://www.dbnl.org/tekst/_bel002189301_01/_bel002189301_01_0117.php,
88,Vooroordeelen,review,65,Bernardinus Mets,Het Belfort. Jaargang 9,DBNL,1894,https://www.dbnl.org/tekst/_bel002189401_01/_bel002189401_01_0099.php,
89,Boekennieuws,review,162,,Dietsche Warande en Belfort. Jaargang 1910,DBNL,1910,https://www.dbnl.org/tekst/_die004191001_01/_die004191001_01_0033.php,
90,Maandelijksche praatjes.,review,162,Frederik Christiaan de Brieder,De Gids. Jaargang 39.,DBNL,1875,https://www.dbnl.org/tekst/_gid001187501_01/_gid001187501_01_0059.php,
91,Onze leestafel,review,162,Elise Soer,De Tijdspiegel. Jaargang 69,DBNL,1912,https://www.dbnl.org/tekst/_tij008191201_01/_tij008191201_01_0019.php,
92,Dramatisch overzicht.,review,162,J.N. van Hall,De Gids. Jaargang 76,DBNL,1912,https://www.dbnl.org/tekst/_gid001191201_01/_gid001191201_01_0135.php,
93,Bibliographie,review,162,Johan de Meester,De Gids. Jaargang 72,DBNL,1908,https://www.dbnl.org/tekst/_gid001190801_01/_gid001190801_01_0153.php,
94,Nieuwe boeken,review,162,G.F. Haspels,Onze Eeuw. Jaargang 13,DBNL,1913,https://www.dbnl.org/tekst/_onz001191301_01/_onz001191301_01_0005.php,
95,Bibliographie,review,162,Johan de Meester,De Gids. Jaargang 81,DBNL,1917,https://www.dbnl.org/tekst/_gid001191701_01/_gid001191701_01_0133.php,
96,Idee en Leven,review,162,Gerard van Eckeren,Den Gulden Winckel. Jaargang 18,DBNL,1919,https://www.dbnl.org/tekst/_gul001191901_01/_gul001191901_01_0011.php,
97,Kroniek,review,162,Herman Robbers,Elseviers Geïllustreerd Maandschrift. Jaargang 29,DBNL,1919,https://www.dbnl.org/tekst/_els001191901_01/_els001191901_01_0053.php,
98,Boekennieuws,review,162,Joris Eeckhout,Dietsche Warande en Belfort. Jaargang 1920,DBNL,1920,https://www.dbnl.org/tekst/_die004192001_01/_die004192001_01_0034.php,
99,Letterkundige kroniek,review,94,,De Gids. Jaargang 47.,DBNL,1883,https://www.dbnl.org/tekst/_gid001188301_01/_gid001188301_01_0079.php,
100,"Geert. Een verhaal voor het volk, vooral ten platten lande.",review,72,,De Gids. Jaargang 11.,DBNL,1847,https://www.dbnl.org/tekst/_gid001184701_01/_gid001184701_01_0052.php,
101,"Ons Dorp. Schetsen en Teekeningen door Th....s. Te Groningen, bij A.L. Scholtens. 1846.",review,92,,Vaderlandse letteroefeningen. Jaargang 1847.,DBNL,1847,https://www.dbnl.org/tekst/_vad003184701_01/_vad003184701_01_0040.php,
102,"De Kiezer, en nog drie andere Verhalen. Door Thineus, Schrijver van: ‘Ons Dorp’, ‘Reunie en Academiefeest’. Te Groningen, bij P. van Zweeden. 1857.",review,92,,Vaderlandse letteroefeningen. Jaargang 1858.,DBNL,1858,https://www.dbnl.org/tekst/_vad003185801_01/_vad003185801_01_0105.php,
103,Voor Lode Baekelmans,review,178,August Cuppens,Dietsche Warande en Belfort. Jaargang 1902,DBNL,1902,https://www.dbnl.org/tekst/_die004190201_01/_die004190201_01_0020.php#section-20-6,
104,Onze Schrijvers,review,178,André de Ridder,Den Gulden Winckel. Jaargang 9,DBNL,1910,https://www.dbnl.org/tekst/_gul001191001_01/_gul001191001_01_0008.php,
105,Boekenschouw,review,178,Ralph Springer,Den Gulden Winckel. Jaargang 19,DBNL,1920,https://www.dbnl.org/tekst/_gul001192001_01/_gul001192001_01_0047.php,
106,Boekbeoordelingen,review,178,C.G.N. de Vooys,De Nieuwe Taalgids. Jaargang 14,DBNL,1920,https://www.dbnl.org/tekst/_taa008192001_01/_taa008192001_01_0047.php,
107,Vijfjaarlijksche wedstrijd voor Nederlandsche letterkunde. Xe Tijdvak (1895-1899).,review,171,Adolf de Ceuleneer; Paul Alberdingk Thijm; W.L. de Vreese; Th. Coopman; Jan Bols; Alfons Jozef Maria Janssens,Verslagen en mededelingen van de Koninklijke Vlaamse Academie voor Taal- en Letterkunde 1903,DBNL,1903,https://www.dbnl.org/tekst/_ver025190301_01/_ver025190301_01_0044.php,
108,Onze leestafel,review,171,G.F. Haspels,Onze Eeuw. Jaargang 5,DBNL,1905,https://www.dbnl.org/tekst/_onz001190501_01/_onz001190501_01_0068.php,
109,Vlaamsche Arbeid,review,171,G. Gusman,Vlaamsche Arbeid. Jaargang 1,DBNL,1905,https://www.dbnl.org/tekst/_vla011190501_01/_vla011190501_01_0040.php,
110,Onze schrijvers,review,171,André de Ridder,Den Gulden Winckel. Jaargang 8,DBNL,1909,https://www.dbnl.org/tekst/_gul001190901_01/_gul001190901_01_0061.php,
111,Nieuwe boeken Door G.F. Haspels.,review,171,G.F. Haspels,Onze Eeuw. Jaargang 10,DBNL,1910,https://www.dbnl.org/tekst/_onz001191001_01/_onz001191001_01_0060.php,
112,Boekenschouw,review,171,H.E.H. van Loon,Den Gulden Winckel. Jaargang 12,DBNL,1913,https://www.dbnl.org/tekst/_gul001191301_01/_gul001191301_01_0042.php,
113,Boekenschouw,review,171,S. van Praag,Den Gulden Winckel. Jaargang 12,DBNL,1913,https://www.dbnl.org/tekst/_gul001191301_01/_gul001191301_01_0011.php,
114,Nieuwe boeken Door G.F. Haspels.,review,171,G.F. Haspels,Onze Eeuw. Jaargang 14,DBNL,1914,https://www.dbnl.org/tekst/_onz001191401_01/_onz001191401_01_0046.php,
115,Boekenschouw,review,171,André de Ridder,Den Gulden Winckel. Jaargang 18,DBNL,1919,https://www.dbnl.org/tekst/_gul001191901_01/_gul001191901_01_0057.php,
116,Boekenschouw,review,171,H.E.H. van Loon,Den Gulden Winckel. Jaargang 18,DBNL,1919,https://www.dbnl.org/tekst/_gul001191901_01/_gul001191901_01_0039.php,
117,Boekbeoordeeling,review,193,Augustus Josef Cosijn,De Vlaamsche Kunstbode. Jaargang 7,DBNL,1877,https://www.dbnl.org/tekst/_vla023187701_01/_vla023187701_01_0107.php,
118,Boekbeoordeeling,review,193,K.D.F.,De Vlaamsche Kunstbode. Jaargang 10,DBNL,1880,https://www.dbnl.org/tekst/_vla023188001_01/_vla023188001_01_0059.php,
119,Een Tuiltje Geurige Bloemen van Vlaamschen Bodem,review,81;80,A.J. Servaas van Rooijen,Vaderlandsche Letteroefeningen,DBNL,1875,https://www.dbnl.org/tekst/_vad003187501_01/_vad003187501_01_0006.php,
120,De Nieuwe Zwarte Tijd,review,81,Busken Huet,Litterarische Fantasien en Kritieken,DBNL,1884,https://www.dbnl.org/tekst/busk001litt23_01/busk001litt23_01_0004.php,
121,Het Landleven in de Letterkunde,essay,81,M.E. Belpaire,Dietsche Warande en Belfort,DBNL,1900,https://www.dbnl.org/tekst/_die004190001_01/_die004190001_01_0077.php,
122,De Dichters,essay,81;80,"Th. Coopman, and L. Scharpé",Geschiedenis der Vlaamsche Letterkunde,DBNL,1910,https://www.dbnl.org/tekst/coop003gesc02_01/coop003gesc02_01_0007.php,
123,Dicht en Proza,essay,81;80,"Th. Coopman, and L. Scharpé",Geschiedenis der Vlaamsche Letterkunde,DBNL,1910,https://www.dbnl.org/tekst/coop003gesc02_01/coop003gesc02_01_0010.php,
124,Het Proza,essay,81;80,G. Kalff,Geschiedenis der Vlaamsche Letterkunde,DBNL,1912,https://www.dbnl.org/tekst/kalf003gesc07_01/kalf003gesc07_01_0046.php,
125,Kunstkroniek,essay,81,Karel van den Oever,Vlaamsche Arbeid. Jaargang 1,DBNL,1912,https://www.dbnl.org/tekst/_vla011191201_01/_vla011191201_01_0028.php,
126,Bibliographisch Album,review,81;80,Pieter Marinus Netscher,De Gids. Jaargang 35,DBNL,1871,https://www.dbnl.org/tekst/_gid001187101_01/_gid001187101_01_0013.php,
127,‘Hendrik Conscience.’,essay,41,H.J. Schimmel,In: De Gids. Jaargang 20,DBNL,1856,https://www.dbnl.org/tekst/_gid001185601_01/_gid001185601_01_0051.php,
128,‘Vierde tijdvak. Nieuwe Nederlandsche letteren. (Van 1790 tot op onzen tijd.)’,essay,41,W.J. Hofdijk,In: Geschiedenis der Nederlandsche letterkunde,DBNL,1857,https://www.dbnl.org/tekst/hofd001gesc01_01/hofd001gesc01_01_0006.php,
129,"‘Een nieuw werk van den vlaamschen dichter Conscience.’, ‘Letterkunde.’",review,41,Dirk Christiaan Nijhoff,In: De Tijdspiegel. Jaargang 29,DBNL,1872,https://www.dbnl.org/tekst/_tij008187201_01/_tij008187201_01_0038.php,
130,‘Bibliographisch album.’,review,41,Petrus Conradi,In: De Gids. Jaargang 41,DBNL,1877,https://www.dbnl.org/tekst/_gid001187701_01/_gid001187701_01_0014.php,
131,Gerard Keller aan 't woord',review,61,C.K. Elout,Elsevier's Geïllustreerd Maandschrift. Jaargang 8.,DBNL,1898,https://www.dbnl.org/tekst/_els001189801_01/_els001189801_01_0079.php,
132,Gederailleerd. Novelle door Gerard Keller.',review,61,Johannes Hoek,De Tijdspiegel. Jaargang 31,DBNL,1874,https://www.dbnl.org/tekst/_tij008187401_01/_tij008187401_01_0055.php,
133,Gedichten van B. van Meurs',review,16,C. Honigh,De Gids. Jaargang 47.,DBNL,1883,https://www.dbnl.org/tekst/_gid001188301_01/_gid001188301_01_0075.php,
134,"Kriekende Kriekske. Betuwsche gedichten, door B. van Meurs",review,16,V.R.,Dietsche Warande. Nieuwe reeks. Jaargang 8.,DBNL,1895,https://www.dbnl.org/tekst/_die003189501_01/_die003189501_01_0074.php,
135,Bibliographisch album.,review,221,Z.,De Gids. Jaargang 24,DBNL,1860,https://www.dbnl.org/tekst/_gid001186001_01/_gid001186001_01_0048.php,
136,Boekbeoordeeling,review,221,Argus,De Vlaamsche Kunstbode. Jaargang 17,DBNL,1887,https://www.dbnl.org/tekst/_vla023188701_01/_vla023188701_01_0066.php,
137,Boekennieuws en Kronijk,review,221,,Het Belfort. Jaargang 5,DBNL,1890,https://www.dbnl.org/tekst/_bel002189001_01/_bel002189001_01_0083.php,
138,"Redevoering van M. Gustaaf Segers, Bestuurder der Koninklijke Vlaamsche Academie, ten sterfhuize van Dr August Snieders",obituary,221,Gustaaf Segers,Verslagen en mededelingen van de Koninklijke Vlaamse Academie voor Taal- en Letterkunde 1904,DBNL,1904,https://www.dbnl.org/tekst/_ver025190401_01/_ver025190401_01_0042.php,
139,In piam memoriam Dr. August Snieders 8en Mei 1825 - 19en November 1904,obituary,221,J.P.,Dietsche Warande en Belfort. Jaargang 4,DBNL,1904,https://www.dbnl.org/tekst/_die004190401_01/_die004190401_01_0112.php#section-113-6,
140,Dr. August Snieders [vervolg],essay,221,A. Verheyen,Dietsche Warande en Belfort. Jaargang 1905,DBNL,1905,https://www.dbnl.org/tekst/_die004190501_01/_die004190501_01_0071.php#section-84-4,
141,Dr. August Snieders,essay,221,A. Verheyen,Dietsche Warande en Belfort. Jaargang 1905,DBNL,1905,https://www.dbnl.org/tekst/_die004190501_01/_die004190501_01_0056.php,
142,Bibliographisch album.,review,79,A.S. Kok,De Gids. Jaargang 43,DBNL,1879,https://www.dbnl.org/tekst/_gid001187901_01/_gid001187901_01_0072.php,
143,Sleeckx,essay,79,Max Rooses,De Gids. Jaargang 51,DBNL,1887,https://www.dbnl.org/tekst/_gid001188701_01/_gid001188701_01_0029.php,
144,"Sleeckx. 1818-1919, door Gustaaf Segers. Werkend lid der Koninklijke Vlaamsche Academie.",eeuwfeest,79,Gustaaf Segers,Verslagen en mededelingen van de Koninklijke Vlaamse Academie voor Taal- en Letterkunde 1920,DBNL,1920,https://www.dbnl.org/tekst/_ver025192001_01/_ver025192001_01_0045.php,
145,Mengelmaren,review,79,Antoon Lowyck,Biekorf. Jaargang 23,DBNL,1912,https://www.dbnl.org/tekst/_bie001191201_01/_bie001191201_01_0080.php,
146,"Folmers en zijne tijdgenooten, Drentsche novelle, door H. Tillema",review,233,H.M.C. van Oosterzee,Vaderlandsche letteroefeningen. Jaargang 1869,DBNL,1869,https://www.dbnl.org/tekst/_vad003186901_01/_vad003186901_01_0041.php,
147,"Vóór Zestig Jaren. Een Drenthsch Verhaal, door J. van der Veen'",review,236,,Vaderlandsche letteroefeningen. Jaargang 1855,DBNL,1855,https://dbnl.org/tekst/_vad003185501_01/_vad003185501_01_0265.php,
148,Oorspronkelijke romans.',review,236,,De Tijdspiegel. Jaargang 43.,DBNL,1886,https://dbnl.org/tekst/_tij008188601_01/_tij008188601_01_0031.php,
149,Oorspronkelijke romans',review,208,,De Tijdspiegel. Jaargang 39.,DBNL,1882,https://www.dbnl.org/tekst/_tij008188201_01/_tij008188201_01_0077.php,
150,Boekbeoordeeling,review,208,Frans de Ghent,De Vlaamse Kunstbode. Jaargang 14.,DBNL,1884,https://www.dbnl.org/tekst/_vla023188401_01/_vla023188401_01_0006.php,
151,Tijdschriften: Onze Eeuw,review,132,,Algemeen Handelsblad 11-05-1910. Avondblad.,Delpher,1910,https://www.delpher.nl/nl/kranten/view?coll=ddd&query=%28%22josef+cohen%22%29+or+%28%22jozef+cohen%22%29&cql%5B%5D=%28date+_gte_+%2201-01-1850%22%29&cql%5B%5D=%28date+_lte_+%2201-01-1919%22%29&redirect=true&sortfield=date&page=6&facets%5Btype%5D%5B%5D=artikel&identifier=ddd:010336610:mpeg21:a0124&resultsidentifier=ddd:010336610:mpeg21:a0124&rowid=8,
152,Literaire Kroniek,review,132,,Bredasche Courant 29-04-1911,Delpher,1911,https://www.delpher.nl/nl/kranten/view?query=%28%22josef+cohen%22%29+or+%28%22jozef+cohen%22%29&coll=ddd&sortfield=date&facets%5Btype%5D%5B%5D=artikel&facets%5Btype%5D%5B%5D=advertentie&cql%5B%5D=%28date+_gte_+%2201-01-1850%22%29&cql%5B%5D=%28date+_lte_+%2201-01-1919%22%29&page=12&redirect=true&identifier=MMSAB04:000342112:mpeg21:a00005&resultsidentifier=MMSAB04:000342112:mpeg21:a00005&rowid=7,
153,Een Nederlandsche Frenssen,review,132,,Het Vaderland 02-09-1911,Delpher,1911,https://www.delpher.nl/nl/kranten/view?query=%28%22josef+cohen%22%29+or+%28%22jozef+cohen%22%29&coll=ddd&sortfield=date&facets%5Btype%5D%5B%5D=artikel&facets%5Btype%5D%5B%5D=advertentie&cql%5B%5D=%28date+_gte_+%2201-01-1850%22%29&cql%5B%5D=%28date+_lte_+%2201-01-1919%22%29&page=13&redirect=true&identifier=MMKB23:001484166:mpeg21:a00075&resultsidentifier=MMKB23:001484166:mpeg21:a00075&rowid=1,
154,Letteren: Romannetjes,review,132,,het Vaderland 25-01-1913,Delpher,1913,https://www.delpher.nl/nl/kranten/view?query=%28%22josef+cohen%22%29+or+%28%22jozef+cohen%22%29&coll=ddd&sortfield=date&facets%5Btype%5D%5B%5D=artikel&facets%5Btype%5D%5B%5D=advertentie&cql%5B%5D=%28date+_gte_+%2201-01-1850%22%29&cql%5B%5D=%28date+_lte_+%2201-01-1919%22%29&page=16&redirect=true&identifier=MMKB23:001494064:mpeg21:a00122&resultsidentifier=MMKB23:001494064:mpeg21:a00122&rowid=10,
155,Letteren: Landelijkheid,review,132,,Het Vaderland 18-07-1914,Delpher,1914,https://www.delpher.nl/nl/kranten/view?query=%28%22josef+cohen%22%29+or+%28%22jozef+cohen%22%29&coll=ddd&sortfield=date&facets%5Btype%5D%5B%5D=artikel&facets%5Btype%5D%5B%5D=advertentie&cql%5B%5D=%28date+_gte_+%2201-01-1850%22%29&cql%5B%5D=%28date+_lte_+%2201-01-1919%22%29&page=23&redirect=true&identifier=MMKB23:001507047:mpeg21:a00100&resultsidentifier=MMKB23:001507047:mpeg21:a00100&rowid=10,
156,Nieuwe boeken,review,132,,Provinciale Overijsselsche en Zwolsche courant 02-12-1914,Delpher,1914,https://www.delpher.nl/nl/kranten/view?query=%28%22josef+cohen%22%29+or+%28%22jozef+cohen%22%29&coll=ddd&sortfield=date&facets%5Btype%5D%5B%5D=artikel&facets%5Btype%5D%5B%5D=advertentie&cql%5B%5D=%28date+_gte_+%2201-01-1850%22%29&cql%5B%5D=%28date+_lte_+%2201-01-1919%22%29&page=25&redirect=true&identifier=MMHCO01:000079583:mpeg21:a0030&resultsidentifier=MMHCO01:000079583:mpeg21:a0030&rowid=2,
157,Kroniek,review,132,,Nederland. Jaargang 1.,Delpher,1910,https://www.delpher.nl/nl/tijdschriften/view?identifier=dts:831001:mpeg21:0236&coll=dts&query=%28jozef+cohen%29+or+%28josef+cohen%29&cql%5B%5D=%28volumeYear+_gte_+%221900%22%29&cql%5B%5D=%28volumeYear+_lte_+%221920%22%29&sortfield=date&page=17&maxperpage=50&rowid=26,
158,"Het vervloekte geslacht, door Jozef Cohen [...]",review,132,H. Petermeijer,Stemmen des tijds. Jaargang 4.,Delpher,1915,https://www.delpher.nl/nl/tijdschriften/view?identifier=dts:1406003:mpeg21:0120&coll=dts&query=%28jozef+cohen%29+or+%28josef+cohen%29&cql%5B%5D=%28volumeYear+_gte_+%221900%22%29&cql%5B%5D=%28volumeYear+_lte_+%221920%22%29&sortfield=date&page=28&maxperpage=50&rowid=22,
159,"""In de Kempen, verhalen door Gustaaf Segers""",review,239,Frans de Ghent,De Vlaamse Kunstbode. Jaargang 12.,DBNL,1882,https://www.dbnl.org/tekst/_vla023188201_01/_vla023188201_01_0087.php,
160,"""Waarheid en Fantazij: C. van Schaick, Tafereelen uit het Drentsch dorpsleven [...]""",review,72,,De tijdspiegel. 1848.,Delpher,1848,https://resolver.kb.nl/resolve?urn=KBDBNL02:004908001:00292,
161,"""Volksverhalen: Gotthelf naverteld, door C. van Schaick"" ",review,72,,De tijdspiegel. 1850.,Delpher,1850,https://resolver.kb.nl/resolve?urn=KBDBNL02:004911002:00001,
162,"""Geert. Een Verhaal voor het Volk, vooral ten platten lande. 't Hoogduitsch gevolgd door C. van Schaick""",review,72,,Vaderlandsche letteroefeningen,DBNL,1848,https://www.dbnl.org/tekst/_vad003184801_01/_vad003184801_01_0171.php,
163,,,,,,,,,
164,Leestafel,review,25,D,Christelijk schoolblad jrg 21 no 4,Delpher,1914,https://resolver.kb.nl/resolve?urn=MMZAH03:021144004:00003,
165,Leestafel,review,25,,"Christelijk schoolblad jrg 24, no 7",Delpher,1917,https://resolver.kb.nl/resolve?urn=MMZAH03:021147007:00002,
166,"Leestafel. Idsardi, Mooie Marie [...]",review,25,,"De heraut voor de gereformeerde kerken in Nederland, no 2045",Delpher,1917,https://resolver.kb.nl/resolve?urn=MMUBVU04:001887013:00003,
167,Nieuwe Uitgaven en Vertalingen,review,178,M.S.,De Tijdspiegel,Delpher,1902,https://www.delpher.nl/nl/tijdschriften/view?identifier=KBDBNL02:004941001:00292&coll=dts&query=%28lode+baekelmans%29&cql%5B%5D=%28volumeYear+_gte_+%221900%22%29&cql%5B%5D=%28volumeYear+_lte_+%221922%22%29&sortfield=date&page=1&facets%5BtypeFacet%5D%5B%5D=Aflevering&maxperpage=50&rowid=19,
168,Boekbeoordelingen,review,178,H.,"Tijdschrift van het Willems-Fonds gewijd aan letteren, kunsten en wetenschappen, jrg 7",Delpher,1902,https://www.delpher.nl/nl/tijdschriften/view?identifier=KBDBVL02:004886001:00153&coll=dts&query=%28lode+baekelmans%29&cql%5B%5D=%28volumeYear+_gte_+%221900%22%29&cql%5B%5D=%28volumeYear+_lte_+%221922%22%29&sortfield=date&page=1&facets%5BtypeFacet%5D%5B%5D=Aflevering&maxperpage=50&rowid=20,
169,Vlaamsche Letterkunde,review,178,,"Tijdschrift van het Willems-Fonds gewijd aan letteren, kunsten en wetenschappen, jrg 7",Delpher,1903,https://www.delpher.nl/nl/tijdschriften/view?identifier=KBDBVL02:004887001:00143&coll=dts&query=%28lode+baekelmans%29&cql%5B%5D=%28volumeYear+_gte_+%221900%22%29&cql%5B%5D=%28volumeYear+_lte_+%221922%22%29&sortfield=date&page=1&facets%5BtypeFacet%5D%5B%5D=Aflevering&maxperpage=50&rowid=39,
170,Vlaamsche Arbeid,review,178,L.L.,"Vlaamsche arbeid, jrg 1",Delpher,1905,https://www.delpher.nl/nl/tijdschriften/view?identifier=KBDBVL02:004727001:00103&coll=dts&query=%28lode+baekelmans%29&cql%5B%5D=%28volumeYear+_gte_+%221900%22%29&cql%5B%5D=%28volumeYear+_lte_+%221922%22%29&sortfield=date&page=2&facets%5BtypeFacet%5D%5B%5D=Aflevering&maxperpage=50&rowid=10,
171,Letterkundige Kroniek,review,178,Victor de Meijere,"Vlaanderen; maandschrift voor de Vlaamsche letterkunde, jrg 3",Delpher,1905,https://www.delpher.nl/nl/tijdschriften/view?identifier=KBDBVL02:004625001:00142&coll=dts&query=%28lode+baekelmans%29&cql%5B%5D=%28volumeYear+_gte_+%221900%22%29&cql%5B%5D=%28volumeYear+_lte_+%221922%22%29&sortfield=date&page=2&facets%5BtypeFacet%5D%5B%5D=Aflevering&maxperpage=50&rowid=13,
172,Nederlandsche Letteren,review,178,,"De Vlaamsche gids; algemeen tweemaandelijksch tijdschrift, jrg 1",Delpher,1905,https://www.delpher.nl/nl/tijdschriften/view?identifier=KBDBVL02:004649001:00187&coll=dts&query=%28lode+baekelmans%29&cql%5B%5D=%28volumeYear+_gte_+%221900%22%29&cql%5B%5D=%28volumeYear+_lte_+%221922%22%29&sortfield=date&page=2&facets%5BtypeFacet%5D%5B%5D=Aflevering&maxperpage=50&rowid=14,
173,Kroniek,review,178,,"Nederland, 1905",Delpher,1905,https://www.delpher.nl/nl/tijdschriften/view?identifier=dts:960001:mpeg21:0503&coll=dts&query=%28lode+baekelmans%29&cql%5B%5D=%28volumeYear+_gte_+%221900%22%29&cql%5B%5D=%28volumeYear+_lte_+%221922%22%29&sortfield=date&page=2&facets%5BtypeFacet%5D%5B%5D=Aflevering&maxperpage=50&rowid=18,
174,Vlamingen,essay,178,,Van onzen tijd jrg 7,Delpher,1906,https://www.delpher.nl/nl/tijdschriften/view?identifier=dts:99504:mpeg21:0136&coll=dts&query=%28lode+baekelmans%29&cql%5B%5D=%28volumeYear+_gte_+%221900%22%29&cql%5B%5D=%28volumeYear+_lte_+%221922%22%29&sortfield=date&page=2&facets%5BtypeFacet%5D%5B%5D=Aflevering&maxperpage=50&rowid=37,
175,Vlaamsche Schrijvers,essay/interview,178,"E. d'Oliveira, Jr.","De boekzaal; maandelijksch bibliografisch tijdschrift, jrg 1",Delpher,1907,https://www.delpher.nl/nl/tijdschriften/view?identifier=MMKB16:002332006:00001&coll=dts&query=%28lode+baekelmans%29&cql%5B%5D=%28volumeYear+_gte_+%221900%22%29&cql%5B%5D=%28volumeYear+_lte_+%221922%22%29&sortfield=date&page=2&facets%5BtypeFacet%5D%5B%5D=Aflevering&maxperpage=50&rowid=46,
176,Verhalend Proza,essay,178,Karel van den Oever,"Vlaamsche arbeid, jrg 5",Delpher,1909,https://www.delpher.nl/nl/tijdschriften/view?identifier=KBDBVL02:004731001:00472&query=lode+baekelmans&coll=dts&sortfield=date&page=1&facets%5Bperiode%5D%5B%5D=2%7C20e_eeuw%7C1900-1909%7C1909%7C&rowid=2,
177,Kroniek,review,178,v.L.d.J.,"Nederland, jrg 72",Delpher,1920,https://www.delpher.nl/nl/tijdschriften/view?identifier=dts:861005:mpeg21:0094&query=%28lode+baekelmans%29&facets%5BtypeFacet%5D%5B%5D=Aflevering&page=4&sortfield=date&cql%5B%5D=%28volumeYear+_gte_+%221900%22%29&cql%5B%5D=%28volumeYear+_lte_+%221922%22%29&coll=dts&maxperpage=50&rowid=33,
178,Het Stadsleven in de Nieuwere Vlaamsche Prozakunst,essay,178,,"Het roode zeil; kunst - letteren - leven, jrg 1",Delpher,1920,https://www.delpher.nl/nl/tijdschriften/view?identifier=KBDBVL02:004621006:00014&query=%28lode+baekelmans%29&facets%5BtypeFacet%5D%5B%5D=Aflevering&page=4&sortfield=date&cql%5B%5D=%28volumeYear+_gte_+%221900%22%29&cql%5B%5D=%28volumeYear+_lte_+%221922%22%29&coll=dts&maxperpage=50&rowid=38,
179,"Gemengde Berichten ""Pallieter""",review?,18,,De Tijd,Delpher,1920,https://www.delpher.nl/nl/kranten/view?facets%5Btype%5D%5B%5D=artikel&cql%5B%5D=%28date+_lte_+%2231-12-1920%22%29&query=Felix+Timmermans+beoord%2A&coll=ddd&redirect=true&identifier=ddd:010529712:mpeg21:a0109&resultsidentifier=ddd:010529712:mpeg21:a0109&rowid=2,
180,"""Pallieter"" en de moderne Literatuur",review,18,,Eindhovensch Dagblad,Delpher,1919,https://www.delpher.nl/nl/kranten/view?facets%5Btype%5D%5B%5D=artikel&cql%5B%5D=%28date+_lte_+%2231-12-1920%22%29&query=Felix+Timmermans+beoord%2A&coll=ddd&redirect=true&identifier=MMRHCE01:000055402:mpeg21:a0001&resultsidentifier=MMRHCE01:000055402:mpeg21:a0001&rowid=5,
181,Literaire Kroniek,review,18,,Bredasche Courant,Delpher,1911,https://www.delpher.nl/nl/kranten/view?facets%5Btype%5D%5B%5D=artikel&cql%5B%5D=%28date+_lte_+%2231-12-1920%22%29&query=Felix+Timmermans+beoord%2A&coll=ddd&redirect=true&page=2&identifier=MMSAB04:000340103:mpeg21:a00003&resultsidentifier=MMSAB04:000340103:mpeg21:a00003&rowid=5,
182,Letterkundige Kroniek,review,18,Is. Querido,Algemeen Handelsblad,Delpher,1911,https://www.delpher.nl/nl/kranten/view?facets%5Btype%5D%5B%5D=artikel&cql%5B%5D=%28date+_lte_+%2231-12-1920%22%29&query=Felix+Timmermans+beoord%2A&coll=ddd&redirect=true&page=2&identifier=ddd:010340112:mpeg21:a0109&resultsidentifier=ddd:010340112:mpeg21:a0109&rowid=7,
183,Pallieter,review,18,,Provinciale Drentsche en Asser Courant,Delpher,1917,https://www.delpher.nl/nl/kranten/view?facets%5Btype%5D%5B%5D=artikel&cql%5B%5D=%28date+_lte_+%2231-12-1920%22%29&query=Felix+Timmermans+beoord%2A&coll=ddd&redirect=true&page=4&identifier=MMDA03:000109341:mpeg21:a0007&resultsidentifier=MMDA03:000109341:mpeg21:a0007&rowid=4,
184,Pallieter-Paganisme,essay?,18,,De Tijd,Delpher,1919,https://www.delpher.nl/nl/kranten/view?facets%5Btype%5D%5B%5D=artikel&cql%5B%5D=%28date+_lte_+%2231-12-1920%22%29&query=Felix+Timmermans+beoord%2A&coll=ddd&redirect=true&page=5&identifier=ddd:010384403:mpeg21:a0072&resultsidentifier=ddd:010384403:mpeg21:a0072&rowid=2,
185,Binnenland,review,95,,Zutphensche Courant,Delpher,1882,https://resolver.kb.nl/resolve?urn=MMRAZ02:000335029:mpeg21:p00001,
186,Kunst-en letternieuws,review,94,,Het vaderland 28-08-1883,Delpher,1883,https://resolver.kb.nl/resolve?urn=MMKB23:001416046:mpeg21:a00011,
187,Kunst en letteren,review,94,,Algemeen Handelsblad 24-08-1883,Delpher,1883,https://resolver.kb.nl/resolve?urn=ddd:010165691:mpeg21:p001,
189,Onze leestafel,review,95,,Provinciale Overijsselsche en Zwolsche courant 22-10-1883,Delpher,1883,,
190,Dialectische literatuur,review,94,,De Preanger-bode,Delpher,1901,,
191,Zeeuwsche Volkstypen: Humor in het Nederduitsche dialect,review,94,A. Werumeus Buning,Het nieuws van den dag: kleine courant 10-05-1903,Delpher,1903,,
192,Maasluis,review,94,,"Rotterdamsch nieuwsblad, 09-11-1908",Delpher,1908,,
193,Walchersche avond,review,94,,Tubantia 22-01-1910,Delpher,1910,,
194,Nog iets over Walcheren,review,94,Q.A. de Ridder,Tubantia 03-02-1910,Delpher,1910,,
195,Nieuwe uitgaven,review,94,,Het nieuws van den dag: kleine courant 20-11-1911,Delpher,1911,,
196,Van Onze Leestafel,review,178,W. Graadt van Roggen,De Telegraaf,Delpher,1902,https://www.delpher.nl/nl/kranten/view?coll=ddd&query=%28lode+baekelmans%29&cql%5B%5D=%28date+_gte_+%2201-01-1900%22%29&cql%5B%5D=%28date+_lte_+%2201-01-1920%22%29&redirect=true&sortfield=date&page=1&maxperpage=50&identifier=ddd:110557299:mpeg21:a0136&resultsidentifier=ddd:110557299:mpeg21:a0136&rowid=25,
197,Boekbeschouwing,review,178,,Bredasche Courant,Delpher,1905,https://www.delpher.nl/nl/kranten/view?coll=ddd&query=%28lode+baekelmans%29&cql%5B%5D=%28date+_gte_+%2201-01-1900%22%29&cql%5B%5D=%28date+_lte_+%2201-01-1920%22%29&redirect=true&sortfield=date&page=2&maxperpage=50&identifier=MMSAB04:000324005:mpeg21:a00028&resultsidentifier=MMSAB04:000324005:mpeg21:a00028&rowid=46,
198,De Juni-Tijdschriften,review,178,B.H.,Land en Volk,Delpher,1905,https://www.delpher.nl/nl/kranten/view?coll=ddd&query=%28lode+baekelmans%29&cql%5B%5D=%28date+_gte_+%2201-01-1900%22%29&cql%5B%5D=%28date+_lte_+%2201-01-1920%22%29&redirect=true&sortfield=date&page=3&maxperpage=50&identifier=MMKB12:000176007:mpeg21:a00017&resultsidentifier=MMKB12:000176007:mpeg21:a00017&rowid=15,
199,Letterkundige Beschouwingen,review,178,,Het Vaderland,Delpher,1906,https://www.delpher.nl/nl/kranten/view?coll=ddd&query=%28lode+baekelmans%29&cql%5B%5D=%28date+_gte_+%2201-01-1900%22%29&cql%5B%5D=%28date+_lte_+%2201-01-1920%22%29&redirect=true&sortfield=date&page=3&maxperpage=50&identifier=MMKB23:001482271:mpeg21:a00032&resultsidentifier=MMKB23:001482271:mpeg21:a00032&rowid=31,
200,Letterkundige Kroniek,review,178,J.S. Querido,Algemeen Handelsblad,Delpher,1907,https://www.delpher.nl/nl/kranten/view?coll=ddd&query=%28lode+baekelmans%29&cql%5B%5D=%28date+_gte_+%2201-01-1900%22%29&cql%5B%5D=%28date+_lte_+%2201-01-1920%22%29&redirect=true&sortfield=date&page=3&maxperpage=50&identifier=KBDDD02:000208866:mpeg21:a0073&resultsidentifier=KBDDD02:000208866:mpeg21:a0073&rowid=39,
201,Letterkundige Beschouwingen,review,178,v.N.,Het Vaderland,Delpher,1907,https://www.delpher.nl/nl/kranten/view?coll=ddd&query=%28lode+baekelmans%29&cql%5B%5D=%28date+_gte_+%2201-01-1900%22%29&cql%5B%5D=%28date+_lte_+%2201-01-1920%22%29&redirect=true&sortfield=date&page=3&maxperpage=50&identifier=MMKB23:001481214:mpeg21:a00039&resultsidentifier=MMKB23:001481214:mpeg21:a00039&rowid=44,
202,Vlaamsche Kroniek,review,178,W.,Het Vaderland,Delpher,1915,https://www.delpher.nl/nl/kranten/view?coll=ddd&query=%28lode+baekelmans%29&cql%5B%5D=%28date+_gte_+%2201-01-1900%22%29&cql%5B%5D=%28date+_lte_+%2201-01-1920%22%29&redirect=true&sortfield=date&page=6&maxperpage=50&identifier=MMKB23:001502195:mpeg21:a00026&resultsidentifier=MMKB23:001502195:mpeg21:a00026&rowid=12,
203,Letterkundige Kroniek,review,178,J.S. Querido,Algemeen Handelsblad,Delpher,1916,https://www.delpher.nl/nl/kranten/view?coll=ddd&query=%28lode+baekelmans%29&cql%5B%5D=%28date+_gte_+%2201-01-1900%22%29&cql%5B%5D=%28date+_lte_+%2201-01-1920%22%29&redirect=true&sortfield=date&page=6&maxperpage=50&identifier=ddd:010652530:mpeg21:a0097&resultsidentifier=ddd:010652530:mpeg21:a0097&rowid=15,
204,Letterkundige Kroniek,review,178,J.S. Querido,Algemeen Handelsblad,Delpher,1919,https://www.delpher.nl/nl/kranten/view?coll=ddd&query=%28lode+baekelmans%29&cql%5B%5D=%28date+_gte_+%2201-01-1900%22%29&cql%5B%5D=%28date+_lte_+%2201-01-1920%22%29&redirect=true&sortfield=date&page=6&maxperpage=50&identifier=ddd:010653764:mpeg21:a0137&resultsidentifier=ddd:010653764:mpeg21:a0137&rowid=43,
205,Kunst en Letteren,review,178,A.N.,Deli Courant,Delpher,1919,https://www.delpher.nl/nl/kranten/view?coll=ddd&query=%28lode+baekelmans%29&cql%5B%5D=%28date+_gte_+%2201-01-1900%22%29&cql%5B%5D=%28date+_lte_+%2201-01-1920%22%29&redirect=true&sortfield=date&page=6&maxperpage=50&identifier=MMKB15:000049047:mpeg21:a00034&resultsidentifier=MMKB15:000049047:mpeg21:a00034&rowid=47,
206,Oorspronkelijke Romans,review,171,,"De Tijdspiegel, jrg 55, ",Delpher,1898,https://www.delpher.nl/nl/tijdschriften/view?identifier=KBDBNL02:004937001:00326&query=Cyriel+Buysse&facets%5Bperiode%5D%5B%5D=0%7C19e_eeuw%7C&page=3&sortfield=date&coll=dts&maxperpage=50&rowid=13,
207,Kroniek,review,171,,Nederland,Delpher,1898,https://www.delpher.nl/nl/tijdschriften/view?identifier=dts:803001:mpeg21:0373&query=Cyriel+Buysse&facets%5Bperiode%5D%5B%5D=0%7C19e_eeuw%7C&page=3&sortfield=date&coll=dts&maxperpage=50&rowid=19,
208,Tweemaandelijksch Tijdschrift,review,171,,"De Hollandsche Revue, jrg 4",Delpher,1899,https://www.delpher.nl/nl/tijdschriften/view?identifier=dts:2109:mpeg21:0057&query=Cyriel+Buysse&facets%5Bperiode%5D%5B%5D=0%7C19e_eeuw%7C&page=4&sortfield=date&coll=dts&maxperpage=50&rowid=11,
209,Review,review,171,,Tijdschrift voor Neerland's Indië jrg 4,Delpher,1900,https://www.delpher.nl/nl/tijdschriften/view?identifier=dts:2915002:mpeg21:0081&query=Cyriel+Buysse&page=1&sortfield=date&coll=dts&facets%5Bperiode%5D%5B%5D=1%7C20e_eeuw%7C1900-1909%7C&maxperpage=50&rowid=13,
210,Cyriel Buysse - Een Belofte,review,171,,De Hollandsche revue jrg 6,Delpher,1901,https://www.delpher.nl/nl/tijdschriften/view?identifier=dts:2303:mpeg21:0067&query=Cyriel+Buysse&page=1&sortfield=date&coll=dts&facets%5Bperiode%5D%5B%5D=1%7C20e_eeuw%7C1900-1909%7C&maxperpage=50&rowid=44,
211,Cyriel Buysse,review,171,,"Noord en Zuid; taalkundig tijdschrift voor de beide Nederlanden, ten behoeve van onderwijzers, jrg 24",Delpher,1901,https://www.delpher.nl/nl/tijdschriften/view?identifier=MMUBMA01:000303009:00003&query=Cyriel+Buysse&page=2&sortfield=date&coll=dts&facets%5Bperiode%5D%5B%5D=1%7C20e_eeuw%7C1900-1909%7C&maxperpage=50&rowid=8,
212,Kritisch Proza,review,171,Jozef de Cock,"Vlaamsche Arbeid, jrg 6",Delpher,1910,https://www.delpher.nl/nl/tijdschriften/view?identifier=KBDBVL02:004732001:00046&query=Cyriel+Buysse&page=1&sortfield=date&coll=dts&facets%5Bperiode%5D%5B%5D=1%7C20e_eeuw%7C1910-1919%7C&maxperpage=50&rowid=6,
213,Onze Leestafel,review,171,,De Tijdspiegel,Delpher,1911,https://www.delpher.nl/nl/tijdschriften/view?identifier=KBDBNL02:004947002:00418&query=Cyriel+Buysse&page=1&sortfield=date&coll=dts&facets%5Bperiode%5D%5B%5D=1%7C20e_eeuw%7C1910-1919%7C&maxperpage=50&rowid=28,
214,Onze Leestafel,review,171,Dirk Coster,De Tijdspiegel,Delpher,1911,https://www.delpher.nl/nl/tijdschriften/view?identifier=KBDBNL02:004947003:00104&query=Cyriel+Buysse&page=1&sortfield=date&coll=dts&facets%5Bperiode%5D%5B%5D=1%7C20e_eeuw%7C1910-1919%7C&maxperpage=50&rowid=29,
215,Kroniek,review,171,Annie Salomons,Nederland jrg 66,Delpher,1914,https://www.delpher.nl/nl/tijdschriften/view?identifier=dts:849001:mpeg21:0122&query=Cyriel+Buysse&page=3&sortfield=date&coll=dts&facets%5Bperiode%5D%5B%5D=1%7C20e_eeuw%7C1910-1919%7C&maxperpage=50&rowid=19,
216,Leestafel,review,171,J. Petri,"Stemmen des tijds; Maandblad voor christendom en cultuur, jrg 8",Delpher,1919,https://www.delpher.nl/nl/tijdschriften/view?identifier=dts:1408007:mpeg21:0099&query=Cyriel+Buysse&facets%5Bperiode%5D%5B%5D=1%7C20e_eeuw%7C1910-1919%7C&page=6&maxperpage=50&sortfield=date&coll=dts&rowid=2,
217,Boekbeschouwing enz: Walchersche Novellen door H.A. Beunke [sic],review,94,,"De wekker, jrg 40",Delpher,1883,https://resolver.kb.nl/resolve?urn=dts:530083:mpeg21:0001,Schilders?
218,Boekbeoordeling,review,171,,Bataviaasch Nieuwsblad,Delpher,1893,https://www.delpher.nl/nl/kranten/view?query=Cyriel+Buysse&coll=ddd&sortfield=date&page=1&facets%5Bperiode%5D%5B%5D=0%7C19e_eeuw%7C&facets%5Btype%5D%5B%5D=artikel&maxperpage=50&identifier=ddd:110618684:mpeg21:a0004&resultsidentifier=ddd:110618684:mpeg21:a0004&rowid=24,
219,Onze Leestafel,review,171,,Het nieuws van den dag : kleine courant,Delpher,1895,https://www.delpher.nl/nl/kranten/view?query=Cyriel+Buysse&facets%5Bperiode%5D%5B%5D=0%7C19e_eeuw%7C&facets%5Btype%5D%5B%5D=artikel&page=2&maxperpage=50&sortfield=date&coll=ddd&identifier=ddd:010092189:mpeg21:a0069&resultsidentifier=ddd:010092189:mpeg21:a0069&rowid=28,
220,Letterkundig Overzicht,review,171,Anna de Savornin Lohman,Soerabaijasch handelsblad,Delpher,1899,https://www.delpher.nl/nl/kranten/view?query=Cyriel+Buysse&facets%5Bperiode%5D%5B%5D=0%7C19e_eeuw%7C&facets%5Btype%5D%5B%5D=artikel&page=4&maxperpage=50&sortfield=date&coll=ddd&identifier=ddd:011136040:mpeg21:a0001&resultsidentifier=ddd:011136040:mpeg21:a0001&rowid=39,
221,Onze Leestafel,review,171,J. van den Oude,Het nieuws van den dag : kleine courant,Delpher,1900,https://www.delpher.nl/nl/kranten/view?query=Cyriel+Buysse&facets%5Btype%5D%5B%5D=artikel&facets%5Bperiode%5D%5B%5D=1%7C20e_eeuw%7C1900-1909%7C&page=1&maxperpage=50&sortfield=date&coll=ddd&identifier=ddd:010126871:mpeg21:a0136&resultsidentifier=ddd:010126871:mpeg21:a0136&rowid=1,
222,Vlaamsche Romantiek,review,171,R. Broersma,De locomotief,Delpher,1903,https://www.delpher.nl/nl/kranten/view?query=Cyriel+Buysse&facets%5Btype%5D%5B%5D=artikel&facets%5Bperiode%5D%5B%5D=1%7C20e_eeuw%7C1900-1909%7C&page=4&maxperpage=50&sortfield=date&coll=ddd&identifier=MMKB23:001625136:mpeg21:a00001&resultsidentifier=MMKB23:001625136:mpeg21:a00001&rowid=42,
223,Het Tooneel,review,171,,Het nieuws van den dag : kleine courant,Delpher,1904,https://www.delpher.nl/nl/kranten/view?query=Cyriel+Buysse&facets%5Btype%5D%5B%5D=artikel&facets%5Bperiode%5D%5B%5D=1%7C20e_eeuw%7C1900-1909%7C&page=5&maxperpage=50&sortfield=date&coll=ddd&identifier=ddd:010128707:mpeg21:a0085&resultsidentifier=ddd:010128707:mpeg21:a0085&rowid=30,
224,Kunst en Letteren,review,171,P.B.,Het volksdagblad,Delpher,1904,https://www.delpher.nl/nl/kranten/view?query=Cyriel+Buysse&facets%5Btype%5D%5B%5D=artikel&facets%5Bperiode%5D%5B%5D=1%7C20e_eeuw%7C1900-1909%7C&page=5&maxperpage=50&sortfield=date&coll=ddd&identifier=MMKB19:000044066:mpeg21:a00021&resultsidentifier=MMKB19:000044066:mpeg21:a00021&rowid=32,
225,Letterkundige Beschouwingen,review,171,v. N.,Het vaderland,Delpher,1905,https://www.delpher.nl/nl/kranten/view?query=Cyriel+Buysse&facets%5Btype%5D%5B%5D=artikel&facets%5Bperiode%5D%5B%5D=1%7C20e_eeuw%7C1900-1909%7C&page=7&maxperpage=50&sortfield=date&coll=ddd&identifier=MMKB23:001471025:mpeg21:a00052&resultsidentifier=MMKB23:001471025:mpeg21:a00052&rowid=41,
226,Letterkundige Kroniek,review,171,Querido,Land en Volk,Delpher,1905,https://www.delpher.nl/nl/kranten/view?query=Cyriel+Buysse&facets%5Btype%5D%5B%5D=artikel&facets%5Bperiode%5D%5B%5D=1%7C20e_eeuw%7C1900-1909%7C&page=7&maxperpage=50&sortfield=date&coll=ddd&identifier=MMKB12:000183180:mpeg21:a00003&resultsidentifier=MMKB12:000183180:mpeg21:a00003&rowid=26,
227,"Kunst, Letteren, Wetenschappen",review,171,,Arnhemsche courant,Delpher,1905,https://www.delpher.nl/nl/kranten/view?query=Cyriel+Buysse&facets%5Btype%5D%5B%5D=artikel&facets%5Bperiode%5D%5B%5D=1%7C20e_eeuw%7C1900-1909%7C&page=9&maxperpage=50&sortfield=date&coll=ddd&identifier=MMKB08:000097326:mpeg21:p005&resultsidentifier=MMKB08:000097326:mpeg21:a0025&rowid=21,
228,Onze Leestafel,review,171,J. van den Oude,Het nieuws van den dag : kleine courant,Delpher,1905,https://www.delpher.nl/nl/kranten/view?query=Cyriel+Buysse&facets%5Btype%5D%5B%5D=artikel&facets%5Bperiode%5D%5B%5D=1%7C20e_eeuw%7C1900-1909%7C&page=9&maxperpage=50&sortfield=date&coll=ddd&identifier=ddd:010164141:mpeg21:a0106&resultsidentifier=ddd:010164141:mpeg21:a0106&rowid=22,
229,Vlaamsche Romantiek,review,171,R. Broersma,De locomotief,Delpher,1906,https://www.delpher.nl/nl/kranten/view?query=Cyriel+Buysse&facets%5Btype%5D%5B%5D=artikel&facets%5Bperiode%5D%5B%5D=1%7C20e_eeuw%7C1900-1909%7C&page=9&maxperpage=50&sortfield=date&coll=ddd&identifier=MMKB23:001633052:mpeg21:a00002&resultsidentifier=MMKB23:001633052:mpeg21:a00002&rowid=45,
230,Letterkundig Overzicht,review,171,Anna de Savornin Lohman,Soerabaijasch handelsblad,Delpher,1906,https://www.delpher.nl/nl/kranten/view?query=Cyriel+Buysse&facets%5Btype%5D%5B%5D=artikel&facets%5Bperiode%5D%5B%5D=1%7C20e_eeuw%7C1900-1909%7C&page=9&maxperpage=50&sortfield=date&coll=ddd&identifier=ddd:011088330:mpeg21:a0001&resultsidentifier=ddd:011088330:mpeg21:a0001&rowid=28,
231,Letterkundige Beschouwingen,review,171,v. N.,Het vaderland,Delpher,1906,https://www.delpher.nl/nl/kranten/view?query=Cyriel+Buysse&facets%5Btype%5D%5B%5D=artikel&facets%5Bperiode%5D%5B%5D=1%7C20e_eeuw%7C1900-1909%7C&page=10&maxperpage=50&sortfield=date&coll=ddd&identifier=MMKB23:001482271:mpeg21:a00032&resultsidentifier=MMKB23:001482271:mpeg21:a00032&rowid=20,
232,Letterkundige kroniek,review,171,Querido,Algemeen Handelsblad,Delpher,1906,https://www.delpher.nl/nl/kranten/view?query=Cyriel+Buysse&facets%5Btype%5D%5B%5D=artikel&facets%5Bperiode%5D%5B%5D=1%7C20e_eeuw%7C1900-1909%7C&page=10&maxperpage=50&sortfield=date&coll=ddd&identifier=KBDDD02:000209299:mpeg21:a0067&resultsidentifier=KBDDD02:000209299:mpeg21:a0067&rowid=21,
233,Letterkundige Beschouwingen,review,171,v. N.,het vaderland,Delpher,1908,https://www.delpher.nl/nl/kranten/view?query=Cyriel+Buysse&facets%5Btype%5D%5B%5D=artikel&facets%5Bperiode%5D%5B%5D=1%7C20e_eeuw%7C1900-1909%7C&page=11&maxperpage=50&sortfield=date&coll=ddd&identifier=MMKB23:001473026:mpeg21:a00039&resultsidentifier=MMKB23:001473026:mpeg21:a00039&rowid=29,
234,Letteren,review,171,X.,het vaderland,Delpher,1909,https://www.delpher.nl/nl/kranten/view?query=Cyriel+Buysse&facets%5Btype%5D%5B%5D=artikel&facets%5Bperiode%5D%5B%5D=1%7C20e_eeuw%7C1900-1909%7C&page=14&maxperpage=50&sortfield=date&coll=ddd&identifier=MMKB23:001478107:mpeg21:a00043&resultsidentifier=MMKB23:001478107:mpeg21:a00043&rowid=12,
235,Kunst en Letteren,review,171,Annie Salomons,De Sumatra Post,Delpher,1911,https://www.delpher.nl/nl/kranten/view?query=Cyriel+Buysse&facets%5Btype%5D%5B%5D=artikel&facets%5Bperiode%5D%5B%5D=1%7C20e_eeuw%7C1910-1919%7C&page=4&maxperpage=50&sortfield=date&coll=ddd&identifier=ddd:010323457:mpeg21:a0091&resultsidentifier=ddd:010323457:mpeg21:a0091&rowid=48,
236,Kunst en Letteren,review,171,Annie Salomons,De Sumatra Post,Delpher,1912,https://www.delpher.nl/nl/kranten/view?query=Cyriel+Buysse&facets%5Btype%5D%5B%5D=artikel&facets%5Bperiode%5D%5B%5D=1%7C20e_eeuw%7C1910-1919%7C&page=6&maxperpage=50&sortfield=date&coll=ddd&identifier=ddd:010323893:mpeg21:a0049&resultsidentifier=ddd:010323893:mpeg21:a0049&rowid=40,
237,Kunst en Letteren,review,171,Annie Salomons,De Sumatra Post,Delpher,1913,https://www.delpher.nl/nl/kranten/view?query=Cyriel+Buysse&facets%5Btype%5D%5B%5D=artikel&facets%5Bperiode%5D%5B%5D=1%7C20e_eeuw%7C1910-1919%7C&page=8&maxperpage=50&sortfield=date&coll=ddd&identifier=ddd:010323622:mpeg21:a0054&resultsidentifier=ddd:010323622:mpeg21:a0054&rowid=28,
238,Letterkundige Kroniek,review,171,Querido,Algemeen Handelsblad,Delpher,1914,https://www.delpher.nl/nl/kranten/view?query=Cyriel+Buysse&facets%5Btype%5D%5B%5D=artikel&facets%5Bperiode%5D%5B%5D=1%7C20e_eeuw%7C1910-1919%7C&page=10&maxperpage=50&sortfield=date&coll=ddd&identifier=ddd:010655669:mpeg21:a0162&resultsidentifier=ddd:010655669:mpeg21:a0162&rowid=42,
239,Van Boeken en Menschen,review,171,Frans Netscher,Provinciale Overijsselsche en Zwolsche courant,Delpher,1915,https://www.delpher.nl/nl/kranten/view?query=Cyriel+Buysse&facets%5Btype%5D%5B%5D=artikel&facets%5Bperiode%5D%5B%5D=1%7C20e_eeuw%7C1910-1919%7C&page=14&maxperpage=50&sortfield=date&coll=ddd&identifier=MMHCO01:000080243:mpeg21:a0047&resultsidentifier=MMHCO01:000080243:mpeg21:a0047&rowid=22,
240,Onze Leestafel,review,80,,Rotterdamsche nieuwsblad,Delpher,1879,https://www.delpher.nl/nl/kranten/view?facets%5Btype%5D%5B%5D=artikel&facets%5Bperiode%5D%5B%5D=0%7C19e_eeuw%7C&query=Virginie+Loveling&coll=ddd&maxperpage=50&sortfield=date&page=2&identifier=ddd:011006572:mpeg21:a0073&resultsidentifier=ddd:011006572:mpeg21:a0073&rowid=2,
241,Letterkundige Bespiegelingen,review,80,J. van Dorp,Het vaderland,Delpher,1887,https://www.delpher.nl/nl/kranten/view?facets%5Btype%5D%5B%5D=artikel&facets%5Bperiode%5D%5B%5D=0%7C19e_eeuw%7C&query=Virginie+Loveling&coll=ddd&maxperpage=50&sortfield=date&page=4&identifier=MMKB23:001413015:mpeg21:p00006&resultsidentifier=MMKB23:001413015:mpeg21:a00043&rowid=11,
242,Letterkundige Praatjes,review,80,,Algemeen Handelsblad,Delpher,1891,https://www.delpher.nl/nl/kranten/view?facets%5Btype%5D%5B%5D=artikel&facets%5Bperiode%5D%5B%5D=0%7C19e_eeuw%7C&query=Virginie+Loveling&coll=ddd&maxperpage=50&sortfield=date&page=5&identifier=ddd:010147204:mpeg21:a0093&resultsidentifier=ddd:010147204:mpeg21:a0093&rowid=35,
243,Letterkundig overzicht,review,80,,Soerabaijasch handelsblad,Delpher,1904,https://www.delpher.nl/nl/kranten/view?facets%5Btype%5D%5B%5D=artikel&facets%5Bperiode%5D%5B%5D=0%7C20e_eeuw%7C&cql%5B%5D=%28date+_gte_+%2201-01-1900%22%29&cql%5B%5D=%28date+_lte_+%2201-01-1920%22%29&query=%28Virginie+Loveling%29&coll=ddd&redirect=true&sortfield=date&page=2&maxperpage=50&identifier=ddd:011087930:mpeg21:a0001&resultsidentifier=ddd:011087930:mpeg21:a0001&rowid=25,
244,Letterkundige Beschouwingen,review,80,,Het vaderland,Delpher,1904,https://www.delpher.nl/nl/kranten/view?facets%5Btype%5D%5B%5D=artikel&facets%5Bperiode%5D%5B%5D=0%7C20e_eeuw%7C&cql%5B%5D=%28date+_gte_+%2201-01-1900%22%29&cql%5B%5D=%28date+_lte_+%2201-01-1920%22%29&query=%28Virginie+Loveling%29&coll=ddd&redirect=true&sortfield=date&page=2&maxperpage=50&identifier=MMKB23:001466289:mpeg21:a00002&resultsidentifier=MMKB23:001466289:mpeg21:a00002&rowid=28,
245,Gedichten van Rosalie en Virginie Loveling,review,80,N.T.,Het leeskabinet; mengelwerk tot gezellig onderhoud voor beschaafde kringen,Delpher,1870,https://www.delpher.nl/nl/tijdschriften/view?identifier=MMKB07:001178001:00158&query=%28Virginie+Loveling%29&coll=dts&sortfield=date&page=1&facets%5Bperiode%5D%5B%5D=0%7C19e_eeuw%7C&facets%5BtypeFacet%5D%5B%5D=Aflevering&maxperpage=50&rowid=17,
246,Dood van Rosalie Loveling,obituary,81,,De Eendracht,Delpher,1876,https://www.delpher.nl/nl/tijdschriften/view?identifier=dts:520095:mpeg21:0001&query=%28Virginie+Loveling%29&coll=dts&sortfield=date&page=2&facets%5Bperiode%5D%5B%5D=0%7C19e_eeuw%7C&facets%5BtypeFacet%5D%5B%5D=Aflevering&maxperpage=50&rowid=13,
247,Boekbeschouwing,review,80,,De wekker,Delpher,1876,https://www.delpher.nl/nl/tijdschriften/view?identifier=dts:520095:mpeg21:0001&query=%28Virginie+Loveling%29&coll=dts&sortfield=date&page=2&facets%5Bperiode%5D%5B%5D=0%7C19e_eeuw%7C&facets%5BtypeFacet%5D%5B%5D=Aflevering&maxperpage=50&rowid=13,
248,Boekaankondiging,review,80,,Friesch volksblad,Delpher,1876,https://www.delpher.nl/nl/tijdschriften/view?identifier=MMIISG06:001099024:00003&query=%28Virginie+Loveling%29&coll=dts&sortfield=date&page=2&facets%5Bperiode%5D%5B%5D=0%7C19e_eeuw%7C&facets%5BtypeFacet%5D%5B%5D=Aflevering&maxperpage=50&rowid=14,
249,Drie Novellen,review,80,A.J. Cosyn,De Vlaamsche Kunstbode,Delpher,1880,https://www.delpher.nl/nl/tijdschriften/view?identifier=KBDBVL02:004637001:00127&query=%28Virginie+Loveling%29&coll=dts&sortfield=date&page=2&facets%5Bperiode%5D%5B%5D=0%7C19e_eeuw%7C&facets%5BtypeFacet%5D%5B%5D=Aflevering&maxperpage=50&rowid=34,
250,Gedichten van Rosalie en Virginie Loveling,review,80,R.,De Eendracht,Delpher,1870,https://www.delpher.nl/nl/tijdschriften/view?identifier=KBDBVL02:004815104:00001&query=%28Virginie+Loveling%29&coll=dts&sortfield=date&page=1&facets%5Bperiode%5D%5B%5D=0%7C19e_eeuw%7C&facets%5BtypeFacet%5D%5B%5D=Aflevering&maxperpage=50&rowid=20,
251,Novellen van Rosalie en Virginie Loveling,review,80,R.,De Eendracht,Delpher,1874,https://www.delpher.nl/nl/tijdschriften/view?identifier=KBDBVL02:004816092:00001&query=%28Virginie+Loveling%29&coll=dts&sortfield=date&page=1&facets%5Bperiode%5D%5B%5D=0%7C19e_eeuw%7C&facets%5BtypeFacet%5D%5B%5D=Aflevering&maxperpage=50&rowid=37,
252,Novellen van Rosalie en Virginie Loveling,review,80,,De Eendracht,Delpher,1875,https://www.delpher.nl/nl/tijdschriften/view?identifier=KBDBVL02:004816096:00001&query=%28Virginie+Loveling%29&coll=dts&sortfield=date&page=1&facets%5Bperiode%5D%5B%5D=0%7C19e_eeuw%7C&facets%5BtypeFacet%5D%5B%5D=Aflevering&maxperpage=50&rowid=50,
253,Boekbeoordeling,review,80,Frans de Ghent,De Vlaamsche Kunstbode,Delpher,1883,https://www.delpher.nl/nl/tijdschriften/view?identifier=KBDBVL02:004640001:00138&query=%28Virginie+Loveling%29&coll=dts&sortfield=date&page=3&facets%5Bperiode%5D%5B%5D=0%7C19e_eeuw%7C&facets%5BtypeFacet%5D%5B%5D=Aflevering&maxperpage=50&rowid=1,
254,L.,review,80,J.M.E. Dercksen,Het leeskabinet; mengelwerk tot gezellig onderhoud voor beschaafde kringen,Delpher,1883,https://www.delpher.nl/nl/tijdschriften/view?identifier=MMKB07:001231001:00091&query=%28Virginie+Loveling%29&coll=dts&sortfield=date&page=3&facets%5Bperiode%5D%5B%5D=0%7C19e_eeuw%7C&facets%5BtypeFacet%5D%5B%5D=Aflevering&maxperpage=50&rowid=2,
255,Het Hoofd van 't Huis en Allerlei Schetsen,review,80,v. D.,De Wetenschappelijke Bladen,Delpher,1884,https://www.delpher.nl/nl/tijdschriften/view?identifier=dts:1109002:mpeg21:0149&query=%28Virginie+Loveling%29&coll=dts&sortfield=date&page=3&facets%5Bperiode%5D%5B%5D=0%7C19e_eeuw%7C&facets%5BtypeFacet%5D%5B%5D=Aflevering&maxperpage=50&rowid=42,
256,Boekbeoordeeling,review,80,L. van Aken,De Vlaamsche Kunstbode,Delpher,1886,https://www.delpher.nl/nl/tijdschriften/view?identifier=KBDBVL02:004643001:00083&query=%28Virginie+Loveling%29&coll=dts&sortfield=date&page=5&facets%5Bperiode%5D%5B%5D=0%7C19e_eeuw%7C&facets%5BtypeFacet%5D%5B%5D=Aflevering&maxperpage=50&rowid=9,
257,Kroniek,review,80,C.,Nederland,Delpher,1888,https://www.delpher.nl/nl/tijdschriften/view?identifier=dts:778001:mpeg21:0113&query=%28Virginie+Loveling%29&coll=dts&sortfield=date&page=6&facets%5Bperiode%5D%5B%5D=0%7C19e_eeuw%7C&facets%5BtypeFacet%5D%5B%5D=Aflevering&maxperpage=50&rowid=11,
258,Kroniek,review,80,C.,Nederland,Delpher,1890,https://www.delpher.nl/nl/tijdschriften/view?identifier=dts:768001:mpeg21:0368&query=%28Virginie+Loveling%29&coll=dts&sortfield=date&page=7&facets%5Bperiode%5D%5B%5D=0%7C19e_eeuw%7C&facets%5BtypeFacet%5D%5B%5D=Aflevering&maxperpage=50&rowid=4,
259,Kroniek,review,80,,Nederland,Delpher,1894,https://www.delpher.nl/nl/tijdschriften/view?identifier=dts:784001:mpeg21:0503&query=%28Virginie+Loveling%29&coll=dts&sortfield=date&page=9&facets%5Bperiode%5D%5B%5D=0%7C19e_eeuw%7C&facets%5BtypeFacet%5D%5B%5D=Aflevering&maxperpage=50&rowid=36,
260,Boekbeoordeeling,review,80,A. de Cock,"Tijdschrift van het Willems-Fonds gewijd aan letteren, kunsten en wetenschappen",Delpher,1896,https://www.delpher.nl/nl/tijdschriften/view?identifier=KBDBVL02:004880002:00064&query=%28Virginie+Loveling%29&coll=dts&sortfield=date&page=10&facets%5Bperiode%5D%5B%5D=0%7C19e_eeuw%7C&facets%5BtypeFacet%5D%5B%5D=Aflevering&maxperpage=50&rowid=1,
261,Boekbeoordeelingen,review,80,A. de Cock,"Tijdschrift van het Willems-Fonds gewijd aan letteren, kunsten en wetenschappen",Delpher,1897,https://www.delpher.nl/nl/tijdschriften/view?identifier=KBDBVL02:004881002:00060&query=%28Virginie+Loveling%29&facets%5Bperiode%5D%5B%5D=0%7C19e_eeuw%7C&facets%5BtypeFacet%5D%5B%5D=Aflevering&page=10&maxperpage=50&sortfield=date&coll=dts&rowid=36,
262,Wat er uitgekomen is,review,80,,Op de Hoogte,Delpher,1906,https://www.delpher.nl/nl/tijdschriften/view?identifier=dts:39311:mpeg21:0064&coll=dts&query=%28Virginie+Loveling%29&cql%5B%5D=%28volumeYear+_gte_+%221900%22%29&cql%5B%5D=%28volumeYear+_lte_+%221920%22%29&sortfield=date&page=2&facets%5BtypeFacet%5D%5B%5D=Aflevering&maxperpage=50&rowid=41,
263,Vlaamsch Leven,essay,80,Karel van den Oever,Vlaamsche Arbeid,Delpher,1912,https://www.delpher.nl/nl/tijdschriften/view?identifier=KBDBVL02:004734001:00153&coll=dts&query=%28Virginie+Loveling%29&cql%5B%5D=%28volumeYear+_gte_+%221900%22%29&cql%5B%5D=%28volumeYear+_lte_+%221920%22%29&sortfield=date&page=3&facets%5BtypeFacet%5D%5B%5D=Aflevering&maxperpage=50&rowid=36,
264,Poezie en Proza der Gezusters Loveling,essay,81,F.S.K.,De banier,Delpher,1875,https://www.delpher.nl/nl/tijdschriften/view?identifier=dts:37502:mpeg21:0175&query=%28Rosalie+Loveling%29&coll=dts&page=1&sortfield=date&facets%5BtypeFacet%5D%5B%5D=Aflevering&maxperpage=50&rowid=42,
265,Rosalie Loveling,obituary,81,Jan ten Brink,Het vaderland,Delpher,1875,https://www.delpher.nl/nl/kranten/view?query=%28Rosalie+Loveling%29&coll=ddd&sortfield=date&page=1&facets%5Btype%5D%5B%5D=artikel&maxperpage=50&identifier=MMKB23:001397110:mpeg21:a00001&resultsidentifier=MMKB23:001397110:mpeg21:a00001&rowid=20,
266,Schetsen en Verhalen,review,193,E. van Langenhoven,De Vlaamsche kunstbode,Delpher,1888,https://www.delpher.nl/nl/tijdschriften/view?identifier=KBDBVL02:004645001:00084&coll=dts&query=%28reimond+Stijns%29&cql%5B%5D=%28volumeYear+_lte_+%221920%22%29&sortfield=date&page=1&facets%5BtypeFacet%5D%5B%5D=Aflevering&maxperpage=50&rowid=5,
267,Oorspronkelijke Romans,review,193,,De Tijdspiegel,Delpher,1892,https://www.delpher.nl/nl/tijdschriften/view?identifier=KBDBNL02:004930001:00102&coll=dts&query=%28reimond+Stijns%29&cql%5B%5D=%28volumeYear+_lte_+%221920%22%29&sortfield=date&page=1&facets%5BtypeFacet%5D%5B%5D=Aflevering&maxperpage=50&rowid=13,
268,Studie over Reimond Stijns,essay,193,H. Grosemans,"Tijdschrift van het Willems-Fonds gewijd aan letteren, kunsten en wetenschappen",Delpher,1898,https://www.delpher.nl/nl/tijdschriften/view?identifier=KBDBVL02:004882003:00365&coll=dts&query=%28reimond+Stijns%29&cql%5B%5D=%28volumeYear+_lte_+%221920%22%29&sortfield=date&page=1&facets%5BtypeFacet%5D%5B%5D=Aflevering&maxperpage=50&rowid=21,
269,Boekbeoordeling,review,193,,"De vrije tribune; maandschrift gewijd aan literatuur, kunst en wetenschap",Delpher,1903,https://www.delpher.nl/nl/tijdschriften/view?identifier=MMKB16:002317001:00540&coll=dts&query=%28reimond+Stijns%29&cql%5B%5D=%28volumeYear+_lte_+%221920%22%29&sortfield=date&page=1&facets%5BtypeFacet%5D%5B%5D=Aflevering&maxperpage=50&rowid=30,
270,Boekbeoordeling,review,193,E. van Langenhoven,De Vlaamsche kunstbode,Delpher,1891,https://www.delpher.nl/nl/tijdschriften/view?identifier=KBDBVL02:004648001:00255&facets%5BtypeFacet%5D%5B%5D=Aflevering&cql%5B%5D=%28volumeYear+_lte_+%221920%22%29&query=%28reimond+Styns%29&coll=dts&maxperpage=50&sortfield=date&rowid=10,
271,Letterkundige Kroniek,review,193,,"Tijdschrift van het Willems-Fonds gewijd aan letteren, kunsten en wetenschappen",Delpher,1897,https://www.delpher.nl/nl/tijdschriften/view?identifier=KBDBVL02:004881002:00225&facets%5BtypeFacet%5D%5B%5D=Aflevering&cql%5B%5D=%28volumeYear+_lte_+%221920%22%29&query=%28reimond+Styns%29&coll=dts&maxperpage=50&sortfield=date&rowid=12,
272,Leestafel,review,193,Raf Verhulst,De Tijdspiegel,Delpher,1920,https://www.delpher.nl/nl/tijdschriften/view?identifier=KBDBNL02:004957001:00673&facets%5BtypeFacet%5D%5B%5D=Aflevering&cql%5B%5D=%28volumeYear+_lte_+%221920%22%29&query=%28reimond+Styns%29&coll=dts&maxperpage=50&sortfield=date&rowid=20,
273,Over Reimond Stijns,essay,193,Lod ten Haefte,"De vrije tribune; maandschrift gewijd aan literatuur, kunst en wetenschap",Delpher,1905,https://www.delpher.nl/nl/tijdschriften/view?identifier=KBDBVL02:004727001:00105&coll=dts&query=%28reimond+Stijns%29&cql%5B%5D=%28volumeYear+_lte_+%221920%22%29&sortfield=date&page=1&facets%5BtypeFacet%5D%5B%5D=Aflevering&maxperpage=50&rowid=42,
274,In Memoriam R. Stijns,obituary,193,,Vlaamsche Arbeid,Delpher,1905,https://www.delpher.nl/nl/tijdschriften/view?identifier=KBDBVL02:004727001:00105&coll=dts&query=%28reimond+Stijns%29&cql%5B%5D=%28volumeYear+_lte_+%221920%22%29&sortfield=date&page=1&facets%5BtypeFacet%5D%5B%5D=Aflevering&maxperpage=50&rowid=42,
275,Sterfgevallen,obituary,193,,"Tijdschrift van het Willems-Fonds gewijd aan letteren, kunsten en wetenschappen",Delpher,1905,https://www.delpher.nl/nl/tijdschriften/view?identifier=KBDBVL02:004891001:00280&coll=dts&query=%28reimond+Stijns%29&cql%5B%5D=%28volumeYear+_lte_+%221920%22%29&sortfield=date&page=1&facets%5BtypeFacet%5D%5B%5D=Aflevering&maxperpage=50&rowid=43,
276,Hard Labeur,essay,193,Fernand Toussaint,Vlaanderen,Delpher,1905,https://www.delpher.nl/nl/tijdschriften/view?identifier=KBDBVL02:004625001:00483&coll=dts&query=%28reimond+Stijns%29&cql%5B%5D=%28volumeYear+_lte_+%221920%22%29&sortfield=date&page=1&facets%5BtypeFacet%5D%5B%5D=Aflevering&maxperpage=50&rowid=44,
277,Hedendaagse letterkunde,review,193,Pol de Mont,De locomotief,Delpher,1890,https://www.delpher.nl/nl/kranten/view?coll=ddd&query=%28reimond+Stijns%29&cql%5B%5D=%28date+_lte_+%2231-12-1920%22%29&redirect=true&sortfield=date&page=1&facets%5Btype%5D%5B%5D=artikel&maxperpage=50&identifier=ddd:010293003:mpeg21:a0031&resultsidentifier=ddd:010293003:mpeg21:a0031&rowid=1,
278,Dr. August Snieders,obituary,221,,De Tijdspiegel,Delpher,1900,https://www.delpher.nl/nl/kranten/view?coll=ddd&query=%28August+Snieders%29&cql%5B%5D=%28date+_lte_+%2231-12-1910%22%29&facets%5Btype%5D%5B%5D=artikel&redirect=true&sortfield=date&page=5&maxperpage=50&identifier=ddd:010407432:mpeg21:a0004&resultsidentifier=ddd:010407432:mpeg21:a0004&rowid=26,
279,Kunst en Wetenschappen,obituary,221,,Nieuwe Tilburgsche Courant,Delpher,1904,https://www.delpher.nl/nl/kranten/view?coll=ddd&query=%28August+Snieders%29&cql%5B%5D=%28date+_lte_+%2231-12-1910%22%29&facets%5Btype%5D%5B%5D=artikel&redirect=true&sortfield=date&page=5&maxperpage=50&identifier=ddd:010157809:mpeg21:a0023&resultsidentifier=ddd:010157809:mpeg21:a0023&rowid=45,
280,Boekbeoordeling,review,221,Victor de Veen,De Vlaamsche kunstbode,Delpher,1885,https://www.delpher.nl/nl/tijdschriften/view?identifier=KBDBVL02:004642001:00090&coll=dts&query=%28August+Snieders%29&cql%5B%5D=%28volumeYear+_lte_+%221910%22%29&sortfield=date&page=6&facets%5BtypeFacet%5D%5B%5D=Aflevering&maxperpage=50&rowid=29,
281,Boekbeoordeling,review,221,Argus,De Vlaamsche kunstbode,Delpher,1887,https://www.delpher.nl/nl/tijdschriften/view?identifier=KBDBVL02:004644001:00524&coll=dts&query=%28August+Snieders%29&cql%5B%5D=%28volumeYear+_lte_+%221910%22%29&sortfield=date&page=6&facets%5BtypeFacet%5D%5B%5D=Aflevering&maxperpage=50&rowid=42,
282,S.,review,79,H.F,Het leeskabinet,Delpher,1878,https://www.delpher.nl/nl/tijdschriften/view?identifier=MMKB07:001214001:00163&query=sleeckx&coll=dts&sortfield=date&page=7&facets%5Bperiode%5D%5B%5D=0%7C19e_eeuw%7C&facets%5BtypeFacet%5D%5B%5D=Aflevering&maxperpage=50&rowid=10,
283,Vervolgwerken,review,79,N.T.,Het leeskabinet,Delpher,1878,https://www.delpher.nl/nl/tijdschriften/view?identifier=MMKB07:001214001:00204&query=sleeckx&coll=dts&sortfield=date&page=7&facets%5Bperiode%5D%5B%5D=0%7C19e_eeuw%7C&facets%5BtypeFacet%5D%5B%5D=Aflevering&maxperpage=50&rowid=10,
284,Romans van Sleeckx,review,79,A. de Priester,De Wekker,Delpher,1878,https://www.delpher.nl/nl/tijdschriften/view?identifier=dts:549066:mpeg21:0001&query=sleeckx&coll=dts&sortfield=date&page=7&facets%5Bperiode%5D%5B%5D=0%7C19e_eeuw%7C&facets%5BtypeFacet%5D%5B%5D=Aflevering&maxperpage=50&rowid=23,
285,Mengelmaren,review,21,A.L.,Biekorf,Delpher,1912,https://www.delpher.nl/nl/tijdschriften/view?identifier=KBDBVL02:004770017:00016&coll=dts&query=%28Edward+vermeulen%29&cql%5B%5D=%28volumeYear+_gte_+%221900%22%29&cql%5B%5D=%28volumeYear+_lte_+%221920%22%29&sortfield=date&page=4&facets%5BtypeFacet%5D%5B%5D=Aflevering&maxperpage=50&rowid=40,
286,Boekbespreking,review,21,Maria Viola,Van Onzen Tijd,Delpher,1912,https://www.delpher.nl/nl/tijdschriften/view?identifier=dts:7919:mpeg21:0010&coll=dts&query=%28Edward+vermeulen%29&cql%5B%5D=%28volumeYear+_gte_+%221900%22%29&cql%5B%5D=%28volumeYear+_lte_+%221920%22%29&sortfield=date&page=4&facets%5BtypeFacet%5D%5B%5D=Aflevering&maxperpage=50&rowid=44,
287,Letteren en Kunst,review,21,,De Maasbode,Delpher,1914,https://www.delpher.nl/nl/kranten/view?coll=ddd&query=%28Edward+vermeulen%29&cql%5B%5D=%28date+_gte_+%2201-01-1900%22%29&cql%5B%5D=%28date+_lte_+%2201-01-1921%22%29&redirect=true&sortfield=date&page=5&maxperpage=50&identifier=MMKB04:000189065:mpeg21:a0069&resultsidentifier=MMKB04:000189065:mpeg21:a0069&rowid=16,
288,Van Nederlandse Letteren,review,21,H. Linnenbank,Het Centrum,Delpher,1914,https://www.delpher.nl/nl/kranten/view?coll=ddd&query=%28Edward+vermeulen%29&cql%5B%5D=%28date+_gte_+%2201-01-1900%22%29&cql%5B%5D=%28date+_lte_+%2201-01-1921%22%29&redirect=true&sortfield=date&page=5&maxperpage=50&identifier=ddd:010004604:mpeg21:a0097&resultsidentifier=ddd:010004604:mpeg21:a0097&rowid=31,
289,Letterkundige Kroniek,review,21,Querido,Algemeen Handelsblad,Delpher,1919,https://www.delpher.nl/nl/kranten/view?query=%28Edward+vermeulen%29&page=7&maxperpage=50&sortfield=date&cql%5B%5D=%28date+_gte_+%2201-01-1900%22%29&cql%5B%5D=%28date+_lte_+%2201-01-1921%22%29&coll=ddd&redirect=true&identifier=ddd:010654392:mpeg21:a0151&resultsidentifier=ddd:010654392:mpeg21:a0151&rowid=29,
290,Oorlog en Letteren,review,17,,De Grondwet,Delpher,1916,https://www.delpher.nl/nl/kranten/view?cql%5B%5D=%28date+_lte_+%2231-12-1919%22%29&query=%22Streuvels%22&coll=ddd&redirect=true&page=1&maxperpage=50&facets%5Btype%5D%5B%5D=artikel&identifier=MMGARO01:000171474:mpeg21:a0001&resultsidentifier=MMGARO01:000171474:mpeg21:a0001&rowid=46,
291,Stijn Streuvels in diverse pluimagie,review,17,Karel van den Oever,De Tijd,Delpher,1915,https://www.delpher.nl/nl/kranten/view?cql%5B%5D=%28date+_lte_+%2231-12-1919%22%29&query=%22Streuvels%22&coll=ddd&redirect=true&page=1&maxperpage=50&facets%5Btype%5D%5B%5D=artikel&identifier=ddd:010547939:mpeg21:a0136&resultsidentifier=ddd:010547939:mpeg21:a0136&rowid=48,
292,Gemengde berichten,review,301,,Nieuwsblad van het Noorden 26-11-1918,Delpher,1918,https://resolver.kb.nl/resolve?urn=ddd:010883900:mpeg21:p002,
293,Berichten over literatuur en wetenschap,review,301,,"Bataviaasch nieuwsblad, 7-08-1908",Delpher,1908,https://resolver.kb.nl/resolve?urn=ddd:011034422:mpeg21:p013,
294,Letterkundige Kroniek,review,301,Querido,Algemeen Handelsblad 17-09-1908,Delpher,1908,https://resolver.kb.nl/resolve?urn=ddd:010997321:mpeg21:p006,
295,De 'Pastorij te Mastland' herlezen,review,,H.S. Jansen,Dagblad van Zuidholland en 's Gravenhage 25-05-1891,Delpher,1891,https://resolver.kb.nl/resolve?urn=MMKB19:003438040:mpeg21:p00001,
296,Uit Zuid-Nederland: Overlijden van Vrouwe Courtmans [...],obituary,208,Maurits Sabbe,Het nieuws van de dag: kleine courant 26-09-1890,Delpher,1890,https://resolver.kb.nl/resolve?urn=ddd:010138932:mpeg21:p003,
297,Twee romans,review,208,,Het leeskabinet 01-02-1871,Delpher,1871,https://resolver.kb.nl/resolve?urn=MMKB07:000947001:00100,
298,"Karel Klepperman, door Vrouwe Courtmans [...]",review,208,,Het leeskabinet 01-01-1879,Delpher,1879,https://resolver.kb.nl/resolve?urn=MMKB07:001215001:00094,
299,Boekbeoordeeling. Volledige werken van Vrouwe Courtmans [...],review,208,Frans de Ghent,De Vlaamsche kunstbode jrg 14,Delpher,1884,https://resolver.kb.nl/resolve?urn=KBDBVL02:004641001:00045,
300,"Vrouwe Courtmans-Berchmans, Verhalen en novellen",review,208,A. J. Servaas van Rooijen,Het leeskabinet 01-01-1884,Delpher,1884,https://resolver.kb.nl/resolve?urn=MMKB07:001242001:00155,
301,Verhalen en novellen door Vrouwe Courtmans [...],revew,208,A. J. Servaas van Rooijen,Het leeskabinet 01-01-1885,Delpher,1885,https://resolver.kb.nl/resolve?urn=MMKB07:001244001:00140,
302,"Onze leestafel. Catherine, door M Antink [...]",review,162,,Het nieuws van de dag: kleine courant 22-01-1900,,1900,https://resolver.kb.nl/resolve?urn=ddd:010126883:mpeg21:p009,
303,Lenteleven van Stijn Streuvels,review,17,Alfred Hegenscheidt,Van Nu en Straks,DBNL,1900,https://www.dbnl.org/tekst/_van002190001_01/_van002190001_01_0019.php,
304,Letterkundige Kroniek,review,17,,De Gids,DBNL,1900,https://www.dbnl.org/tekst/_gid001190001_01/_gid001190001_01_0037.php,
305,Verslag over den Vijfjaarlijkschen Wedstrijd in Nederlandsche letterkunde. XIe reeks: 1900-1904. (Overgedrukt uit het Staatsblad van 11 Mei 1906.),essay,17,Gustaaf Segers,Verslagen en mededelingen van de Koninklijke Vlaamse Academie voor Taal- en Letterkunde 1906,DBNL,1906,https://www.dbnl.org/tekst/_ver025190601_01/_ver025190601_01_0027.php,
306,Stijn Streuvels' Morgenstond,review,17,J. Claerhout,Bierkorf,DBNL,1913,https://www.dbnl.org/tekst/_bie001191301_01/_bie001191301_01_0033.php,
307,Stijn Streuvels en René Bazin,essay,17,A. Taelman,Dietsche Warande en Belfort,DBNL,1906,https://www.dbnl.org/tekst/_die004190601_01/_die004190601_01_0042.php,
308,Verhalend Proza,essay,17,J. de Cock,Vlaamsche Arbeid,DBNL,1909,https://www.dbnl.org/tekst/_vla011190901_01/_vla011190901_01_0010.php,
309,De Landsche Woning in Vlaanderen,essay,17,P.B.,Onze Kunst,DBNL,1915,https://www.dbnl.org/tekst/_onz021191501_01/_onz021191501_01_0003.php,
310,Ter bespreking toegezonden,essay,17,Anna de Savornin Lohman,De Hollandsche Lelie,DBNL,1915,https://www.dbnl.org/tekst/_hol003191401_01/_hol003191401_01_0012.php,
311,Idee en Leven,essay,17,Gerard van Eckeren,Den Gulden Winckel,DBNL,1914,https://www.dbnl.org/tekst/_gul001191401_01/_gul001191401_01_0036.php,
312,Het fatum in Stijn Streuvels' opvatting en werken,essay,17,P. Petrus M. Janssens,Dietsche Warande en Belfort,DBNL,1908,https://www.dbnl.org/tekst/_die004190801_01/_die004190801_01_0033.php,
313,Over Stijn Streuvels,essay,17,H.R.,Elseviers Geïllustreerd Maandschrift,DBNL,1908,https://www.dbnl.org/tekst/_els001190801_01/_els001190801_01_0029.php,
314,Overijselsche Vertellingen,review,95,J.W.B.,Het leeskabinet,Delpher,1883,https://www.delpher.nl/nl/tijdschriften/view?identifier=MMKB07:001231001:00186&coll=dts&query=%28pieter+heering%29&cql%5B%5D=%28volumeYear+_lte_+%221920%22%29&sortfield=date&page=1&maxperpage=50&facets%5BtypeFacet%5D%5B%5D=Aflevering&rowid=33,
315,Boekbeoordeeling,review,61,F. van Westrheene,Rotterdamsche Courant,Delpher,1861,https://www.delpher.nl/nl/kranten/view?facets%5Btype%5D%5B%5D=artikel&facets%5Btype%5D%5B%5D=illustratie+met+onderschrift&cql%5B%5D=%28date+_gte_+%2201-01-1845%22%29&cql%5B%5D=%28date+_lte_+%2231-12-1904%22%29&query=Gerard+Keller&coll=ddd&redirect=true&page=2&maxperpage=50&identifier=ddd:010981000:mpeg21:a0002&resultsidentifier=ddd:010981000:mpeg21:a0002&rowid=21,
316,Letterkunde: Karakter en Menschenkennis,review,61,Alif. ,Java-Bode,Delpher,1884,https://www.delpher.nl/nl/kranten/view?facets%5Btype%5D%5B%5D=artikel&facets%5Btype%5D%5B%5D=illustratie+met+onderschrift&cql%5B%5D=%28date+_gte_+%2201-01-1845%22%29&cql%5B%5D=%28date+_lte_+%2231-12-1904%22%29&query=Gerard+Keller&coll=ddd&redirect=true&page=2&maxperpage=50&identifier=ddd:010507994:mpeg21:a0038&resultsidentifier=ddd:010507994:mpeg21:a0038&rowid=23,
317,Rotterdamsche brieven,review,61,,CAJ Geesink's Algemeen Volksblad voor Nederland,Delpher,1874,https://www.delpher.nl/nl/kranten/view?facets%5Btype%5D%5B%5D=artikel&facets%5Btype%5D%5B%5D=illustratie+met+onderschrift&cql%5B%5D=%28date+_gte_+%2201-01-1845%22%29&cql%5B%5D=%28date+_lte_+%2231-12-1904%22%29&query=Gerard+Keller&coll=ddd&redirect=true&page=4&maxperpage=50&identifier=MMKB19:000091030:mpeg21:a00002&resultsidentifier=MMKB19:000091030:mpeg21:a00002&rowid=32,
318,Onze Leestafel,advertentie-review,41,C. Vosmaer,Rotterdamsch Nieuwsblad,Delpher,1879,https://www.delpher.nl/nl/kranten/view?coll=ddd&query=%28Hendrik+Conscience%29&cql%5B%5D=%28date+_gte_+%2201-01-1845%22%29&cql%5B%5D=%28date+_lte_+%2231-12-1888%22%29&facets%5Btype%5D%5B%5D=artikel&facets%5Btype%5D%5B%5D=illustratie+met+onderschrift&redirect=true&page=5&maxperpage=50&identifier=ddd:011006385:mpeg21:a0037&resultsidentifier=ddd:011006385:mpeg21:a0037&rowid=7,
319,Stijn Streuvels,Essay,17,F. M. L.,De Telegraaf,Delpher,1903,https://www.delpher.nl/nl/kranten/view?coll=ddd&query=%28Stijn+Streuvels%29&cql%5B%5D=%28date+_gte_+%2231-12-1889%22%29&cql%5B%5D=%28date+_lte_+%2231-12-1919%22%29&facets%5Btype%5D%5B%5D=artikel&facets%5Btype%5D%5B%5D=illustratie+met+onderschrift&redirect=true&page=2&maxperpage=50&identifier=ddd:110553970:mpeg21:a0141&resultsidentifier=ddd:110553970:mpeg21:a0141&rowid=7,
320,Reinaert de Vos: Uyt het middel-Nederlandsch herschreven door Stijn Streuvels,Review,17,,Provinciale Overijsselsche en Zwolsche Courant,Delpher,1911,https://www.delpher.nl/nl/kranten/view?coll=ddd&query=%28Stijn+Streuvels%29&cql%5B%5D=%28date+_gte_+%2231-12-1889%22%29&cql%5B%5D=%28date+_lte_+%2231-12-1919%22%29&facets%5Btype%5D%5B%5D=artikel&facets%5Btype%5D%5B%5D=illustratie+met+onderschrift&redirect=true&page=2&maxperpage=50&identifier=MMHCO01:000078801:mpeg21:a0004&resultsidentifier=MMHCO01:000078801:mpeg21:a0004&rowid=36,
321,Bij Stijn Streuvels,Essay,17,A.G.,Het Vaderland,Delpher,1903,https://www.delpher.nl/nl/kranten/view?coll=ddd&query=%28Stijn+Streuvels%29&cql%5B%5D=%28date+_gte_+%2231-12-1889%22%29&cql%5B%5D=%28date+_lte_+%2231-12-1919%22%29&facets%5Btype%5D%5B%5D=artikel&facets%5Btype%5D%5B%5D=illustratie+met+onderschrift&redirect=true&page=3&maxperpage=50&identifier=MMKB23:001465116:mpeg21:a00018&resultsidentifier=MMKB23:001465116:mpeg21:a00018&rowid=15,
322,Stijn Streuvels,Essay,17,,De Locomotief,Delpher,1901,https://www.delpher.nl/nl/kranten/view?coll=ddd&query=%28Stijn+Streuvels%29&cql%5B%5D=%28date+_gte_+%2231-12-1889%22%29&cql%5B%5D=%28date+_lte_+%2231-12-1919%22%29&facets%5Btype%5D%5B%5D=artikel&facets%5Btype%5D%5B%5D=illustratie+met+onderschrift&redirect=true&page=3&maxperpage=50&identifier=ddd:010298484:mpeg21:a0001&resultsidentifier=ddd:010298484:mpeg21:a0001&rowid=16,
323,Letterkundig Overzicht: Stijn Streuvels,Review,17,Anna de Savornin Lohman,Soerabaijasch Handelsblad,Delpher,1908,https://www.delpher.nl/nl/kranten/view?coll=ddd&query=%28Stijn+Streuvels%29&cql%5B%5D=%28date+_gte_+%2231-12-1889%22%29&cql%5B%5D=%28date+_lte_+%2231-12-1919%22%29&facets%5Btype%5D%5B%5D=artikel&facets%5Btype%5D%5B%5D=illustratie+met+onderschrift&redirect=true&page=3&maxperpage=50&identifier=ddd:011088876:mpeg21:a0001&resultsidentifier=ddd:011088876:mpeg21:a0001&rowid=42,
324,Uit Vlaander; Stijn Streuvels: Zonnetij,Review,17,de P.,De Sumatra Post,Delpher,1901,https://www.delpher.nl/nl/kranten/view?coll=ddd&query=%28Stijn+Streuvels%29&cql%5B%5D=%28date+_gte_+%2231-12-1889%22%29&cql%5B%5D=%28date+_lte_+%2231-12-1919%22%29&facets%5Btype%5D%5B%5D=artikel&facets%5Btype%5D%5B%5D=illustratie+met+onderschrift&redirect=true&page=3&maxperpage=50&identifier=ddd:010320573:mpeg21:a0001&resultsidentifier=ddd:010320573:mpeg21:a0001&rowid=46,
325,Stijn Streuvels. De Vlaschaard.,Review,17,P. Lemmens,Limburger Koerier,Delpher,1908,https://www.delpher.nl/nl/kranten/view?coll=ddd&query=%28Stijn+Streuvels%29&cql%5B%5D=%28date+_gte_+%2231-12-1889%22%29&cql%5B%5D=%28date+_lte_+%2231-12-1919%22%29&facets%5Btype%5D%5B%5D=artikel&facets%5Btype%5D%5B%5D=illustratie+met+onderschrift&redirect=true&page=4&maxperpage=50&identifier=MMKB23:001165077:mpeg21:a00045&resultsidentifier=MMKB23:001165077:mpeg21:a00045&rowid=45,
326,Stijn Streuvels,Review,17,Charles M. van Deventer,De Locomotief,Delpher,1900,https://www.delpher.nl/nl/kranten/view?coll=ddd&query=%28Stijn+Streuvels%29&cql%5B%5D=%28date+_gte_+%2231-12-1889%22%29&cql%5B%5D=%28date+_lte_+%2231-12-1919%22%29&facets%5Btype%5D%5B%5D=artikel&facets%5Btype%5D%5B%5D=illustratie+met+onderschrift&redirect=true&page=4&maxperpage=50&identifier=ddd:010298349:mpeg21:a0001&resultsidentifier=ddd:010298349:mpeg21:a0001&rowid=46,
327,Van Boek en Tijdschrift. Een Vlaamsch Schrijver,Review,17,,Deli Courant,Delpher,1904,https://www.delpher.nl/nl/kranten/view?coll=ddd&query=%28Stijn+Streuvels%29&cql%5B%5D=%28date+_gte_+%2231-12-1889%22%29&cql%5B%5D=%28date+_lte_+%2231-12-1919%22%29&facets%5Btype%5D%5B%5D=artikel&facets%5Btype%5D%5B%5D=illustratie+met+onderschrift&redirect=true&page=6&maxperpage=50&identifier=MMKB15:000029067:mpeg21:a00017&resultsidentifier=MMKB15:000029067:mpeg21:a00017&rowid=34,
328,Onze Leestafel,Review,17,J. van den Oude,Het nieuws van den dag: kleine courant,Delpher,1905,https://www.delpher.nl/nl/kranten/view?coll=ddd&query=%28Stijn+Streuvels%29&cql%5B%5D=%28date+_gte_+%2231-12-1889%22%29&cql%5B%5D=%28date+_lte_+%2231-12-1919%22%29&facets%5Btype%5D%5B%5D=artikel&facets%5Btype%5D%5B%5D=illustratie+met+onderschrift&redirect=true&page=7&maxperpage=50&identifier=ddd:010163878:mpeg21:a0125&resultsidentifier=ddd:010163878:mpeg21:a0125&rowid=24,
329,Letterkundige Beschouwingen: Stijn Streuvels,Review-essay,17,v. N.,Het Vaderland,Delpher,1901,https://www.delpher.nl/nl/kranten/view?coll=ddd&query=%28Stijn+Streuvels%29&cql%5B%5D=%28date+_gte_+%2231-12-1889%22%29&cql%5B%5D=%28date+_lte_+%2231-12-1919%22%29&facets%5Btype%5D%5B%5D=artikel&facets%5Btype%5D%5B%5D=illustratie+met+onderschrift&redirect=true&page=7&maxperpage=50&identifier=MMKB23:001457071:mpeg21:a00021&resultsidentifier=MMKB23:001457071:mpeg21:a00021&rowid=25,
330,"Van mijn boekentafel: ""In Oorlogstijd""",Review,17,K.,RK Dagblad het Huisgezin,Delpher,1915,https://www.delpher.nl/nl/kranten/view?coll=ddd&query=%28Stijn+Streuvels%29&cql%5B%5D=%28date+_gte_+%2231-12-1889%22%29&cql%5B%5D=%28date+_lte_+%2231-12-1919%22%29&facets%5Btype%5D%5B%5D=artikel&facets%5Btype%5D%5B%5D=illustratie+met+onderschrift&redirect=true&page=7&maxperpage=50&identifier=MMKB19:000010047:mpeg21:a00043&resultsidentifier=MMKB19:000010047:mpeg21:a00043&rowid=30,
331,Letterkundige Beschouwingen: Stijn Streuvels (Dodendans),Review,17,v. N. ,Het Vaderland,Delpher,1901,https://www.delpher.nl/nl/kranten/view?query=%28Stijn+Streuvels%29&facets%5Btype%5D%5B%5D=artikel&facets%5Btype%5D%5B%5D=illustratie+met+onderschrift&page=10&maxperpage=50&cql%5B%5D=%28date+_lte_+%2231-12-1919%22%29&coll=ddd&redirect=true&identifier=MMKB23:001461132:mpeg21:a00031&resultsidentifier=MMKB23:001461132:mpeg21:a00031&rowid=18,
332,Letterkundige Kroniek XXXI,Review,17,I. Querido,Land en Volk,Delpher,1905,https://www.delpher.nl/nl/kranten/view?query=%28Stijn+Streuvels%29&facets%5Btype%5D%5B%5D=artikel&facets%5Btype%5D%5B%5D=illustratie+met+onderschrift&page=10&maxperpage=50&cql%5B%5D=%28date+_lte_+%2231-12-1919%22%29&coll=ddd&redirect=true&identifier=MMKB12:000176038:mpeg21:a00004&resultsidentifier=MMKB12:000176038:mpeg21:a00004&rowid=21,
333,Berichten over Literatuur en Wetenschap,Review,17,Frans Coenen,Bataviaasch nieuwsblad,Delpher,1907,https://www.delpher.nl/nl/kranten/view?query=%28Stijn+Streuvels%29&facets%5Btype%5D%5B%5D=artikel&facets%5Btype%5D%5B%5D=illustratie+met+onderschrift&page=10&maxperpage=50&cql%5B%5D=%28date+_lte_+%2231-12-1919%22%29&coll=ddd&redirect=true&identifier=ddd:011034912:mpeg21:a0036&resultsidentifier=ddd:011034912:mpeg21:a0036&rowid=22,
334,Letterkundige Beschouwingen,Review,17,v. N.,Het vaderland,Delpher,1905,https://www.delpher.nl/nl/kranten/view?query=%28Stijn+Streuvels%29&facets%5Btype%5D%5B%5D=artikel&facets%5Btype%5D%5B%5D=illustratie+met+onderschrift&page=10&maxperpage=50&cql%5B%5D=%28date+_lte_+%2231-12-1919%22%29&coll=ddd&redirect=true&identifier=MMKB23:001471073:mpeg21:a00038&resultsidentifier=MMKB23:001471073:mpeg21:a00038&rowid=29,
335,"Letterkundig Overzicht, Twee Vlamingen",Review,17,Anna de Savornin Lohman,Soerabaijasch Handelsblad,Delpher,1904,https://www.delpher.nl/nl/kranten/view?query=%28Stijn+Streuvels%29&facets%5Btype%5D%5B%5D=artikel&facets%5Btype%5D%5B%5D=illustratie+met+onderschrift&page=10&maxperpage=50&cql%5B%5D=%28date+_lte_+%2231-12-1919%22%29&coll=ddd&redirect=true&identifier=ddd:011087838:mpeg21:a0001&resultsidentifier=ddd:011087838:mpeg21:a0001&rowid=33,
336,Onze Leestafel,Review,17,J. van den Oude,Het nieuws van den dag: kleine courant,Delpher,1901,,
337,Nieuwe Boeken,Review,17,P. Hyacinth Hermans,De Maasbode,Delpher,1905,https://www.delpher.nl/nl/kranten/view?query=%28Stijn+Streuvels%29&facets%5Btype%5D%5B%5D=artikel&facets%5Btype%5D%5B%5D=illustratie+met+onderschrift&page=12&maxperpage=50&cql%5B%5D=%28date+_lte_+%2231-12-1919%22%29&coll=ddd&redirect=true&identifier=MMKB04:000188370:mpeg21:a0002&resultsidentifier=MMKB04:000188370:mpeg21:a0002&rowid=25,
338,De Oorlog,Review,17,,Arnhemsche Courant,Delpher,1915,https://www.delpher.nl/nl/kranten/view?query=%28Stijn+Streuvels%29&facets%5Btype%5D%5B%5D=artikel&facets%5Btype%5D%5B%5D=illustratie+met+onderschrift&page=12&maxperpage=50&cql%5B%5D=%28date+_lte_+%2231-12-1919%22%29&coll=ddd&redirect=true&identifier=MMKB08:000102778:mpeg21:a0001&resultsidentifier=MMKB08:000102778:mpeg21:a0001&rowid=28,
339,Letterkundige beschouwingen,Review,17,v. N.,Het Vaderland,Delpher,1915,https://www.delpher.nl/nl/kranten/view?query=%28Stijn+Streuvels%29&facets%5Btype%5D%5B%5D=artikel&facets%5Btype%5D%5B%5D=illustratie+met+onderschrift&page=12&maxperpage=50&cql%5B%5D=%28date+_lte_+%2231-12-1919%22%29&coll=ddd&redirect=true&identifier=MMKB23:001462030:mpeg21:p00002&resultsidentifier=MMKB23:001462030:mpeg21:a00002&rowid=34,
340,Letterkundig Overzicht: Vlaams Realisme,Review,17,Anna de Savornin Lohman,Soerabaijasch Handelsblad,Delpher,1903,https://www.delpher.nl/nl/kranten/view?query=%28Stijn+Streuvels%29&facets%5Btype%5D%5B%5D=artikel&facets%5Btype%5D%5B%5D=illustratie+met+onderschrift&page=12&maxperpage=50&cql%5B%5D=%28date+_lte_+%2231-12-1919%22%29&coll=ddd&redirect=true&identifier=ddd:011138164:mpeg21:a0001&resultsidentifier=ddd:011138164:mpeg21:a0001&rowid=35,
341,Van Nederlandse Letteren CLXI,Review,17,H. Linnebank,Het Centrum,Delpher,1913,https://www.delpher.nl/nl/kranten/view?query=%28Stijn+Streuvels%29&facets%5Btype%5D%5B%5D=artikel&facets%5Btype%5D%5B%5D=illustratie+met+onderschrift&page=12&maxperpage=50&cql%5B%5D=%28date+_lte_+%2231-12-1919%22%29&coll=ddd&redirect=true&identifier=ddd:010004167:mpeg21:a0134&resultsidentifier=ddd:010004167:mpeg21:a0134&rowid=39,
342,Onze Leestafel,Review,17,J. van den Oude,Het nieuws van den dag: kleine courant,Delpher,1902,https://www.delpher.nl/nl/kranten/view?query=%28Stijn+Streuvels%29&facets%5Btype%5D%5B%5D=artikel&facets%5Btype%5D%5B%5D=illustratie+met+onderschrift&page=14&maxperpage=50&cql%5B%5D=%28date+_lte_+%2231-12-1919%22%29&coll=ddd&redirect=true&identifier=ddd:010129693:mpeg21:a0101&resultsidentifier=ddd:010129693:mpeg21:a0101&rowid=1,
343,"Uit Vlaanderen, II",Review,17,v. N.,Het vaderland,Deplher,1908,"delpher.nl/nl/kranten/view?query=%28Stijn+Streuvels%29&facets%5Btype%5D%5B%5D=artikel&facets%5Btype%5D%5B%5D=illustratie+met+onderschrift&page=16&maxperpage=50&cql%5B%5D=%28date+_lte_+""31-12-1919""%29&coll=ddd&redirect=true&identifier=MMKB23:001473062:mpeg21:a00060&resultsidentifier=MMKB23:001473062:mpeg21:a00060&rowid=2",
344,Letterkundige Beschouwingen,Review,17,v. N. ,Het vaderland,Delpher,1904,https://www.delpher.nl/nl/kranten/view?query=%28Stijn+Streuvels%29&facets%5Btype%5D%5B%5D=artikel&facets%5Btype%5D%5B%5D=illustratie+met+onderschrift&page=16&maxperpage=50&cql%5B%5D=%28date+_lte_+%2231-12-1919%22%29&coll=ddd&redirect=true&identifier=MMKB23:001468064:mpeg21:a00002&resultsidentifier=MMKB23:001468064:mpeg21:a00002&rowid=30,
345,"Dorpslucht, door Stijn Streuvels",Review,17,,De Tijd,Delpher,1914,https://www.delpher.nl/nl/kranten/view?query=%28Stijn+Streuvels%29&facets%5Btype%5D%5B%5D=artikel&facets%5Btype%5D%5B%5D=illustratie+met+onderschrift&page=16&maxperpage=50&cql%5B%5D=%28date+_lte_+%2231-12-1919%22%29&coll=ddd&redirect=true&identifier=ddd:010547308:mpeg21:a0124&resultsidentifier=ddd:010547308:mpeg21:a0124&rowid=48,
346,Onze Leestafel,Review,17,,Het nieuws van den dag: kleine courant,Delpher,1911,https://www.delpher.nl/nl/kranten/view?query=%28Stijn+Streuvels%29&facets%5Btype%5D%5B%5D=artikel&facets%5Btype%5D%5B%5D=illustratie+met+onderschrift&page=20&maxperpage=50&cql%5B%5D=%28date+_lte_+%2231-12-1919%22%29&coll=ddd&redirect=true&identifier=ddd:010109577:mpeg21:a0064&resultsidentifier=ddd:010109577:mpeg21:a0064&rowid=16,
347,De Nieuwe Gids,Review,17,J. K. B. ,Bredasche Courant,Delpher,1912,https://www.delpher.nl/nl/kranten/view?query=%28Stijn+Streuvels%29&facets%5Btype%5D%5B%5D=artikel&facets%5Btype%5D%5B%5D=illustratie+met+onderschrift&page=20&maxperpage=50&cql%5B%5D=%28date+_lte_+%2231-12-1919%22%29&coll=ddd&redirect=true&identifier=MMSAB04:000333012:mpeg21:a00006&resultsidentifier=MMSAB04:000333012:mpeg21:a00006&rowid=18,
348,Berichten over Literatuur en Wetenschap,Review,17,Frans Loenen,Bataviaasch nieuwsblad,Delpher,1908,https://www.delpher.nl/nl/kranten/view?query=%28Stijn+Streuvels%29&facets%5Btype%5D%5B%5D=artikel&facets%5Btype%5D%5B%5D=illustratie+met+onderschrift&page=20&maxperpage=50&cql%5B%5D=%28date+_lte_+%2231-12-1919%22%29&coll=ddd&redirect=true&identifier=ddd:011034394:mpeg21:a0079&resultsidentifier=ddd:011034394:mpeg21:a0079&rowid=46,
349,De Vlasschaard,Review,17,H. L. S. ,De Nieuwe Courant,Delpher,1907,https://www.delpher.nl/nl/kranten/view?query=%28Stijn+Streuvels%29&facets%5Btype%5D%5B%5D=artikel&facets%5Btype%5D%5B%5D=illustratie+met+onderschrift&page=21&maxperpage=50&cql%5B%5D=%28date+_lte_+%2231-12-1919%22%29&coll=ddd&redirect=true&identifier=MMKB15:000769200:mpeg21:a00048&resultsidentifier=MMKB15:000769200:mpeg21:a00048&rowid=16,
350,Boekentafel: Dorpslucht,Review,17,Cornelis Veth,De Telegraaf,Delpher,1914,https://www.delpher.nl/nl/kranten/view?query=%28Stijn+Streuvels%29&facets%5Btype%5D%5B%5D=artikel&facets%5Btype%5D%5B%5D=illustratie+met+onderschrift&page=22&maxperpage=50&cql%5B%5D=%28date+_lte_+%2231-12-1919%22%29&coll=ddd&redirect=true&identifier=ddd:110547847:mpeg21:a0129&resultsidentifier=ddd:110547847:mpeg21:a0129&rowid=8,
351,Leestafel,Review,17,,Het nieuws van den dag: kleine courant,Delpher,1907,https://www.delpher.nl/nl/kranten/view?query=%28Stijn+Streuvels%29&facets%5Btype%5D%5B%5D=artikel&facets%5Btype%5D%5B%5D=illustratie+met+onderschrift&page=27&maxperpage=50&cql%5B%5D=%28date+_lte_+%2231-12-1919%22%29&coll=ddd&redirect=true&identifier=ddd:010164374:mpeg21:a0187&resultsidentifier=ddd:010164374:mpeg21:a0187&rowid=37,
352,Mozaiek III Vlaamsche Broeders,Essay,17,I. Querido,Algemeen Handelsblad,Delpher,1912,https://www.delpher.nl/nl/kranten/view?query=%28Stijn+Streuvels%29&facets%5Btype%5D%5B%5D=artikel&facets%5Btype%5D%5B%5D=illustratie+met+onderschrift&page=30&maxperpage=50&cql%5B%5D=%28date+_lte_+%2231-12-1919%22%29&coll=ddd&redirect=true&identifier=ddd:010655429:mpeg21:a0102&resultsidentifier=ddd:010655429:mpeg21:a0102&rowid=32,
353,Critiekjes,Review,17,,Soerabaijasch Handelsblad,Delpher,1901,https://www.delpher.nl/nl/kranten/view?query=%28Stijn+Streuvels%29&facets%5Btype%5D%5B%5D=artikel&facets%5Btype%5D%5B%5D=illustratie+met+onderschrift&page=30&maxperpage=50&cql%5B%5D=%28date+_lte_+%2231-12-1919%22%29&coll=ddd&redirect=true&identifier=ddd:011137880:mpeg21:a0022&resultsidentifier=ddd:011137880:mpeg21:a0022&rowid=34,
354,Van Boek en Tijdschrift,Review,17,,Deli Courant,Delpher,1905,https://www.delpher.nl/nl/kranten/view?query=%28Stijn+Streuvels%29&facets%5Btype%5D%5B%5D=artikel&facets%5Btype%5D%5B%5D=illustratie+met+onderschrift&page=33&maxperpage=50&cql%5B%5D=%28date+_lte_+%2231-12-1919%22%29&coll=ddd&redirect=true&identifier=MMKB15:000042054:mpeg21:a00021&resultsidentifier=MMKB15:000042054:mpeg21:a00021&rowid=3,
355,Kunstkroniek,Review,17,Frits Lapidoth,De Nieuwe Courant,Delpher,1914,https://www.delpher.nl/nl/kranten/view?query=%28Stijn+Streuvels%29&facets%5Btype%5D%5B%5D=artikel&facets%5Btype%5D%5B%5D=illustratie+met+onderschrift&page=34&maxperpage=50&cql%5B%5D=%28date+_lte_+%2231-12-1919%22%29&coll=ddd&redirect=true&identifier=MMKB15:000718162:mpeg21:a00034&resultsidentifier=MMKB15:000718162:mpeg21:a00034&rowid=46,
356,"Felix Timmermans' ""Boudewijn""",review,18,Karel van den Oever,De Tijd,Delpher,1919,https://www.delpher.nl/nl/kranten/view?coll=ddd&query=%28Felix+Timmermans%29&cql%5B%5D=%28date+_gte_+%2201-01-1903%22%29&cql%5B%5D=%28date+_lte_+%2231-12-1919%22%29&facets%5Btype%5D%5B%5D=artikel&facets%5Btype%5D%5B%5D=illustratie+met+onderschrift&redirect=true&page=3&maxperpage=50&identifier=ddd:010384436:mpeg21:a0111&resultsidentifier=ddd:010384436:mpeg21:a0111&rowid=31,
357,Onze Leestafel,review,18,,Het nieuws van den dag,Delpher,1917,https://www.delpher.nl/nl/kranten/view?coll=ddd&query=%28Felix+Timmermans%29&cql%5B%5D=%28date+_gte_+%2201-01-1903%22%29&cql%5B%5D=%28date+_lte_+%2231-12-1919%22%29&facets%5Btype%5D%5B%5D=artikel&facets%5Btype%5D%5B%5D=illustratie+met+onderschrift&redirect=true&page=3&maxperpage=50&identifier=MMKB15:000634099:mpeg21:a00066&resultsidentifier=MMKB15:000634099:mpeg21:a00066&rowid=44,
358,Letterkundige Kroniek,review,18,Is. Querido,Algemeen Handelsblad,Delpher,1919,https://www.delpher.nl/nl/kranten/view?coll=ddd&query=%28Felix+Timmermans%29&cql%5B%5D=%28date+_gte_+%2201-01-1903%22%29&cql%5B%5D=%28date+_lte_+%2231-12-1919%22%29&facets%5Btype%5D%5B%5D=artikel&facets%5Btype%5D%5B%5D=illustratie+met+onderschrift&redirect=true&page=4&maxperpage=50&identifier=ddd:010656123:mpeg21:a0137&resultsidentifier=ddd:010656123:mpeg21:a0137&rowid=41,
359,Over Boeken en Menschen,review,18,Frans Netscher,Provinciale Overijsselsche en Zwolsche Courant,Delpher,1919,https://www.delpher.nl/nl/kranten/view?coll=ddd&query=%28Felix+Timmermans%29&cql%5B%5D=%28date+_gte_+%2201-01-1903%22%29&cql%5B%5D=%28date+_lte_+%2231-12-1919%22%29&facets%5Btype%5D%5B%5D=artikel&facets%5Btype%5D%5B%5D=illustratie+met+onderschrift&redirect=true&page=4&maxperpage=50&identifier=MMHCO01:000081421:mpeg21:a0054&resultsidentifier=MMHCO01:000081421:mpeg21:a0054&rowid=42,
360,Een Vlaamsch Kunstwerk,essay,18,Vincent Cleerdin,Tilburgsche Courant,Delpher,1918,https://www.delpher.nl/nl/kranten/view?coll=ddd&query=%28Felix+Timmermans%29&cql%5B%5D=%28date+_gte_+%2201-01-1903%22%29&cql%5B%5D=%28date+_lte_+%2231-12-1919%22%29&facets%5Btype%5D%5B%5D=artikel&facets%5Btype%5D%5B%5D=illustratie+met+onderschrift&redirect=true&page=4&maxperpage=50&identifier=ddd:010192090:mpeg21:a0002&resultsidentifier=ddd:010192090:mpeg21:a0002&rowid=47,
361,Boekentafel,review,18,,Bredasche Courant,Delpher,1919,https://www.delpher.nl/nl/kranten/view?coll=ddd&query=%28Felix+Timmermans%29&cql%5B%5D=%28date+_gte_+%2201-01-1903%22%29&cql%5B%5D=%28date+_lte_+%2231-12-1919%22%29&facets%5Btype%5D%5B%5D=artikel&facets%5Btype%5D%5B%5D=illustratie+met+onderschrift&redirect=true&page=5&maxperpage=50&identifier=MMSAB03:000061273:mpeg21:a0010&resultsidentifier=MMSAB03:000061273:mpeg21:a0010&rowid=12,
362,Over Boeken CXXVI (Pallieter),review,"18, ",Z. Stokvis,De Locomotief,Delpher,1917,https://www.delpher.nl/nl/kranten/view?coll=ddd&query=%28Felix+Timmermans%29&cql%5B%5D=%28date+_gte_+%2201-01-1903%22%29&cql%5B%5D=%28date+_lte_+%2231-12-1919%22%29&facets%5Btype%5D%5B%5D=artikel&facets%5Btype%5D%5B%5D=illustratie+met+onderschrift&redirect=true&page=8&maxperpage=50&identifier=MMKB23:001662092:mpeg21:a00002&resultsidentifier=MMKB23:001662092:mpeg21:a00002&rowid=9,
363,Begijnhofsproken,review,18,,De standaard,Delpher,1919,https://www.delpher.nl/nl/kranten/view?coll=ddd&query=%28Felix+Timmermans%29&cql%5B%5D=%28date+_gte_+%2201-01-1903%22%29&cql%5B%5D=%28date+_lte_+%2231-12-1919%22%29&facets%5Btype%5D%5B%5D=artikel&facets%5Btype%5D%5B%5D=illustratie+met+onderschrift&redirect=true&page=10&maxperpage=50&identifier=MMKB23:001846141:mpeg21:a00075&resultsidentifier=MMKB23:001846141:mpeg21:a00075&rowid=9,
364,Letteren uit Vlaanderen (bagijnhof-sproken),review,18,W.,Het Vaderland,Delpher,1912,https://www.delpher.nl/nl/kranten/view?coll=ddd&query=%28Felix+Timmermans%29&cql%5B%5D=%28date+_gte_+%2201-01-1903%22%29&cql%5B%5D=%28date+_lte_+%2231-12-1919%22%29&facets%5Btype%5D%5B%5D=artikel&facets%5Btype%5D%5B%5D=illustratie+met+onderschrift&redirect=true&page=10&maxperpage=50&identifier=MMKB23:001509212:mpeg21:a00129&resultsidentifier=MMKB23:001509212:mpeg21:a00129&rowid=25,
365,Begijnenhof-sproken,review,18,Is. Querido,Algemeen Handelsblad,Delpher,1919,https://www.delpher.nl/nl/kranten/view?coll=ddd&query=%28Felix+Timmermans%29&cql%5B%5D=%28date+_gte_+%2201-01-1903%22%29&cql%5B%5D=%28date+_lte_+%2231-12-1919%22%29&facets%5Btype%5D%5B%5D=artikel&facets%5Btype%5D%5B%5D=illustratie+met+onderschrift&redirect=true&page=12&maxperpage=50&identifier=ddd:010654368:mpeg21:a0136&resultsidentifier=ddd:010654368:mpeg21:a0136&rowid=26,
366,Kunstkroniek XXXIV (Pallieter),review,18,Peter van Arkel,Het nieuws van den dag voor Nederlands-Indië,Delpher,1916,https://www.delpher.nl/nl/kranten/view?coll=ddd&query=%28Felix+Timmermans%29&cql%5B%5D=%28date+_gte_+%2201-01-1903%22%29&cql%5B%5D=%28date+_lte_+%2231-12-1919%22%29&facets%5Btype%5D%5B%5D=artikel&facets%5Btype%5D%5B%5D=illustratie+met+onderschrift&redirect=true&page=12&maxperpage=50&identifier=ddd:010169276:mpeg21:a0145&resultsidentifier=ddd:010169276:mpeg21:a0145&rowid=45,